Year,Team,Player,+/-,Games played,Points played,Minutes played,O-line points played,+/- O-line,D-line points played,+/- D-line,Touches,Goals,Callahans,Assists,Throws,Throw aways,Stalled's,Passer Penalties (turnovers),Callahaned's (other team scored),Throw %,Catches,Drops,Catch %,Ds,Pulls,Avg Pull Hang Time,OB Pulls
2017,Atlanta Hustle,A Olsen,9,8,160,206.2,88.5,35,71.5,-39,94,12,0,6,82,10,0,0,0,88,90,1,99,2,0,0,0
2017,Atlanta Hustle,A Taylor,16,9,198,223,160,92,38,-9,146,8,0,15,136,4,1,0,0,96,141,3,98,1,0,0,0
2017,Atlanta Hustle,Allan L,21,9,205,250.3,142,76,63,-27,240,10,0,24,228,17,0,0,0,93,170,2,99,6,45,7.2,2
2017,Atlanta Hustle,Anonymous,1,0,0,0,0,0,0,0,0,0,0,0,4,0,0,0,0,100,0,0,0,1,19,2.2,0
2017,Atlanta Hustle,Archie,0,4,52,57.6,4,-3,48,-27,5,1,0,0,4,1,0,0,0,75,5,0,100,0,0,0,0
2017,Atlanta Hustle,Birdsong,0,2,19,31.6,10,5,9,-9,8,0,0,0,8,0,0,0,0,100,8,0,100,0,0,0,0
2017,Atlanta Hustle,Boecking,6,12,295,353.3,125.5,54,169.5,-87,294,2,0,14,289,22,0,0,1,92,209,3,99,15,34,5.8,1
2017,Atlanta Hustle,Bradham,4,8,102,110.2,3.5,-2,98.5,-68,9,3,0,1,6,0,0,0,0,100,8,1,89,1,0,0,0
2017,Atlanta Hustle,Bush,52,12,279,338.6,238,125,41,-8,154,38,0,24,114,9,0,0,0,92,145,4,97,3,3,6.5,0
2017,Atlanta Hustle,C Olsen,23,10,204.5,265.4,92.5,39,112,-40,196,16,0,18,178,15,0,0,0,92,186,1,99,5,1,7.6,0
2017,Atlanta Hustle,Caldwell,0,2,22,26.9,1,0,21,-13,1,0,0,0,1,1,0,0,0,0,0,0,0,1,0,0,0
2017,Atlanta Hustle,Dylan,21,5,130,153.3,121,68,9,4,246,12,0,28,237,18,1,0,0,92,188,0,100,0,0,0,0
2017,Atlanta Hustle,Gainer,20,9,182,208.1,133,68,49,-21,106,8,0,16,96,9,0,0,0,91,92,1,99,6,0,0,0
2017,Atlanta Hustle,Haskell,6,3,46.5,62.6,20,11,26.5,-19,18,3,0,4,15,4,0,0,0,73,15,0,100,3,4,6.6,0
2017,Atlanta Hustle,Hunter,1,2,12,12.1,2,-1,10,-8,3,1,0,0,2,0,0,0,0,100,3,0,100,0,0,0,0
2017,Atlanta Hustle,Jaime,1,7,81,70.4,6,1,75,-49,10,0,0,2,9,3,0,0,0,67,6,0,100,2,48,5.5,6
2017,Atlanta Hustle,JP Burns,18,13,250,337.7,46.5,8,203.5,-109,96,8,0,13,87,11,0,0,0,87,78,3,96,11,3,3.4,0
2017,Atlanta Hustle,Justin M,2,3,33,46.5,4,-2,29,-21,6,1,0,0,5,1,0,0,0,80,4,0,100,2,0,0,0
2017,Atlanta Hustle,Kelvin,27,13,219,276.1,24.5,-8,194.5,-111,35,14,0,0,19,2,0,0,0,89,31,0,100,15,0,0,0
2017,Atlanta Hustle,Knowles,0,5,59,68.4,9,3,50,-25,23,0,0,0,23,0,0,0,0,100,15,1,94,1,0,0,0
2017,Atlanta Hustle,Kyle S,18,12,242.5,288.6,181,91,61.5,-17,267,8,0,15,257,9,0,0,0,96,198,0,100,4,29,6.3,1
2017,Atlanta Hustle,Lally,21,9,176.5,206.7,49,18,127.5,-59,95,13,0,8,81,9,0,0,0,89,89,1,99,10,35,5.5,2
2017,Atlanta Hustle,Leonard,28,9,205.5,258.5,191,85,14.5,8,349,14,0,24,336,10,0,0,0,97,250,1,100,1,0,0,0
2017,Atlanta Hustle,M Smith,68,13,304,392.6,279.5,151,24.5,8,335,54,0,19,282,7,1,0,0,97,321,4,99,7,0,0,0
2017,Atlanta Hustle,Micah Jo,6,2,35,31.9,32,22,3,-1,17,4,0,3,13,2,0,0,0,85,10,0,100,1,0,0,0
2017,Atlanta Hustle,Newman,1,4,64.5,82.5,15,7,49.5,-27,25,4,0,0,21,5,0,0,0,76,16,1,94,3,1,0,0
2017,Atlanta Hustle,Parker,8,7,148.5,188.3,52.5,7,96,-56,109,5,0,16,105,20,0,0,0,81,69,2,97,9,34,6.4,2
2017,Atlanta Hustle,Sears,20,10,163.5,229.4,22,0,141.5,-80,25,13,0,2,12,0,0,0,0,100,25,0,100,5,0,0,0
2017,Atlanta Hustle,Sperling,1,3,40.5,52.8,20,7,20.5,-12,20,2,0,1,18,2,0,0,0,89,19,0,100,0,0,0,0
2017,Atlanta Hustle,Staber,2,5,91.5,111.6,16,9,75.5,-41,37,2,0,3,34,4,0,0,0,88,24,0,100,1,1,0,0
2017,Atlanta Hustle,Sun,16,12,198,248.2,42.5,16,155.5,-86,129,9,0,12,119,10,0,0,0,92,105,1,99,6,49,6.5,7
2017,Atlanta Hustle,Thor,12,9,118,135.5,24,2,94,-49,43,5,0,5,38,2,0,0,0,95,42,1,98,5,9,5.1,0
2017,Atlanta Hustle,Tree,4,4,50,45.7,5,-1,45,-25,12,1,0,2,11,2,0,0,0,82,8,0,100,3,2,7.1,0
2017,Atlanta Hustle,Trenton,11,10,173.5,225.5,33.5,12,140,-78,46,5,0,1,40,2,0,0,0,95,42,1,98,8,0,0,0
2017,Atlanta Hustle,Vickroy,61,13,309.5,379.1,272.5,143,37,-3,287,41,0,41,244,29,1,0,0,88,264,2,99,11,2,5.9,0
2017,Atlanta Hustle,AVERAGE,14.4,7.4,139.1,,70.5,32.5,68.7,-34.4,99.6,9.1,0,9.1,90.1,6.9,0.1,0,0,87.3,82.2,1,92.9,4.3,9.1,,0.6
2017,Atlanta Hustle,TOTAL,,,,,,,,,3486,317,0,317,3154,240,4,0,1,,2876,34,,149,319,,
2017,Austin Sol,Anonymous,-3,0,0,0,0,0,0,0,17,1,0,1,32,6,0,0,0,81,17,0,100,1,8,3.9,0
2017,Austin Sol,Bautis V,10,10,122,137.4,10,3,112,-47,33,8,0,2,24,2,0,0,0,92,30,1,97,3,5,3.4,0
2017,Austin Sol,Bennet M,34,10,212,236.3,170,89,42,-3,142,25,1,16,117,10,0,0,0,91,134,1,99,4,2,6,0
2017,Austin Sol,Best J,10,11,217,265.3,78,24,139,-70,241,6,0,11,235,19,0,0,0,92,186,0,100,12,26,5.8,3
2017,Austin Sol,Biersc M,22,9,168,189.3,123,57,45,-23,104,16,0,17,87,11,0,0,0,87,93,3,97,3,1,6.6,0
2017,Austin Sol,Bigley R,5,1,20.5,19.4,2.5,2,18,-7,9,0,0,2,9,0,0,0,0,100,5,0,100,3,0,0,0
2017,Austin Sol,Brooks C,0,1,14,19.2,7,2,7,-2,14,0,0,0,14,0,0,0,0,100,13,0,100,0,1,7.8,0
2017,Austin Sol,Cecil J,9,6,90,102.9,11.5,0,78.5,-22,30,4,0,2,25,2,0,0,0,92,26,1,96,6,1,1.4,0
2017,Austin Sol,Cunnin C,22,12,325.5,405.6,126.5,32,199,-92,267,9,0,37,255,34,0,0,0,87,210,5,98,15,143,5.9,15
2017,Austin Sol,Daftar K,2,4,40,33.2,0,0,40,-17,4,2,0,0,2,1,0,0,0,50,4,0,100,1,0,0,0
2017,Austin Sol,Davis A,9,7,146.5,151.4,76,32,70.5,-31,146,10,0,14,134,17,1,0,0,87,104,0,100,3,9,5.2,0
2017,Austin Sol,Deneco C,39,7,149,177.4,133,59,16,7,164,33,0,12,130,4,0,0,0,97,161,3,98,1,0,0,0
2017,Austin Sol,Dial B,2,7,73,74,8,-4,65,-46,11,1,0,1,10,3,0,0,0,70,9,0,100,3,2,3.8,0
2017,Austin Sol,Frohli J,2,4,53,65.5,4.5,0,48.5,-13,36,0,0,3,34,4,0,0,0,88,29,0,100,3,1,1.5,0
2017,Austin Sol,Graman B,-2,2,26,41.6,14.5,0,11.5,-6,29,1,0,1,29,5,0,0,0,83,19,0,100,1,3,5.6,0
2017,Austin Sol,Hays M,29,11,227.5,308.1,70.5,16,157,-75,85,19,0,8,65,7,0,0,0,89,76,1,99,10,0,0,0
2017,Austin Sol,Henke K,7,2,41.5,46.2,7,3,34.5,-14,10,5,0,2,5,0,0,0,0,100,10,0,100,0,1,6.6,0
2017,Austin Sol,Kinney L,1,1,16,25.3,3,1,13,-2,16,0,0,1,16,0,0,0,0,100,14,0,100,0,0,0,0
2017,Austin Sol,Loskor J,16,5,110,145.5,75,40,35,1,221,2,0,19,217,10,1,0,0,95,187,2,99,8,0,0,0
2017,Austin Sol,Matthi M,22,9,197.5,272,86.5,13,111,-53,137,12,0,13,124,12,0,0,0,90,123,1,99,10,1,6.3,1
2017,Austin Sol,Mock N,10,8,115,108.6,36.5,8,78.5,-40,35,5,0,5,28,3,0,0,0,89,32,1,97,4,1,5,0
2017,Austin Sol,Moore E,8,4,50,65.9,4.5,0,45.5,-12,17,4,1,2,13,2,0,0,0,85,16,0,100,4,0,0,0
2017,Austin Sol,Mosola L,6,11,122.5,141.2,7.5,3,115,-69,28,5,0,3,23,2,0,0,0,91,25,3,89,3,0,0,0
2017,Austin Sol,Naji S,3,5,68,83,12.5,4,55.5,-12,32,1,1,2,30,1,0,0,0,97,22,0,100,1,0,0,1
2017,Austin Sol,Orloff R,13,10,205,252.2,81.5,10,123.5,-67,134,10,0,5,123,7,0,0,0,94,98,0,100,5,9,4.8,0
2017,Austin Sol,Pollac E,14,5,74.5,95.6,57,18,17.5,-2,69,10,0,6,59,3,0,0,0,95,68,2,97,3,0,0,0
2017,Austin Sol,Purcel R,15,9,214,234.8,161,80,53,-13,362,13,0,23,349,18,0,0,0,95,240,4,98,1,3,4.1,0
2017,Austin Sol,Reinha J,-4,5,65,62.6,4,0,61,-48,22,0,0,0,21,4,0,0,0,81,18,2,90,2,45,6.5,5
2017,Austin Sol,Richar D,27,9,210,258,159,80,51,-14,360,25,0,20,333,15,2,0,0,95,304,3,99,2,8,5.3,0
2017,Austin Sol,Sany N,8,6,105,102.3,71,45,34,-16,46,5,0,4,42,2,0,0,0,95,43,0,100,1,1,5.1,0
2017,Austin Sol,Schafe J,-6,10,209.5,230.9,177,87,32.5,-6,301,5,0,24,296,33,2,0,0,88,251,2,99,2,6,5.1,0
2017,Austin Sol,Starke P,-6,2,33,48.2,30,7,3,-1,82,0,0,5,81,11,0,0,0,86,60,1,98,1,0,0,0
2017,Austin Sol,Vargas C,1,4,63.5,89.5,48.5,22,15,-6,88,3,0,4,84,4,1,0,0,94,64,1,98,0,5,5.8,0
2017,Austin Sol,Walch A,28,11,277.5,350,202,96,75.5,-22,207,21,0,7,185,6,0,0,0,97,201,5,98,11,0,0,0
2017,Austin Sol,Walter M,30,10,204,267.3,89.5,32,114.5,-44,107,18,0,7,89,6,0,0,0,93,99,1,99,12,2,3.8,0
2017,Austin Sol,Wilder C,25,6,146.5,175.6,97,29,49.5,-27,83,14,0,11,69,2,0,0,0,97,80,2,98,4,0,0,0
2017,Austin Sol,AVERAGE,11.3,6.5,122.6,,62.4,24.7,60.2,-25.4,102.5,8.1,0.1,8.1,94.1,7.4,0.2,0,0,90.1,85.3,1.3,98.4,4,7.9,,0.7
2017,Austin Sol,TOTAL,,,,,,,,,3689,293,3,290,3389,266,7,0,0,,3071,45,,143,284,,25
2017,Chicago Wildfire,Anonymous,1,0,0,0,0,0,0,0,25,3,0,3,35,4,0,0,0,89,16,1,94,0,6,3.3,1
2017,Chicago Wildfire,Champe,9,8,130,176.1,52,11,78,-30,139,8,0,13,130,17,0,0,0,87,116,3,97,8,7,4,0
2017,Chicago Wildfire,Egan,14,10,105,144.1,26,6,79,-38,57,11,0,1,45,2,0,0,0,96,55,1,98,5,0,0,0
2017,Chicago Wildfire,Gallaghe,2,5,87,118.3,66,19,21,-1,155,3,0,6,152,9,0,0,0,94,124,0,100,2,0,0,0
2017,Chicago Wildfire,Janas,14,12,322.5,518.8,248.5,68,74,7,874,9,0,71,868,66,0,0,0,92,725,6,99,6,35,4.2,0
2017,Chicago Wildfire,Johnson,19,12,238.5,386.8,195,45,43.5,10,157,20,0,6,136,8,0,0,0,94,153,6,96,7,0,0,0
2017,Chicago Wildfire,Kingma,9,6,87.5,134.6,31.5,3,56,-28,34,4,0,4,28,3,0,0,0,89,31,0,100,4,0,0,0
2017,Chicago Wildfire,Kluender,7,8,92.5,130.4,19,10,73.5,-40,44,7,0,1,36,6,0,0,0,83,37,2,95,7,58,5.4,7
2017,Chicago Wildfire,Kuhl,-17,10,158,236.1,60,32,98,-46,207,0,0,9,205,21,1,0,0,89,173,5,97,1,14,5,1
2017,Chicago Wildfire,Levorsen,2,3,12.5,21.4,0,0,12.5,-6,3,0,0,1,3,0,0,0,0,100,3,0,100,1,0,0,0
2017,Chicago Wildfire,Miller,13,10,193,302.7,168,30,25,6,176,14,0,15,161,18,0,0,0,89,173,1,99,3,0,0,0
2017,Chicago Wildfire,Newman,2,8,126.5,175.8,34,5,92.5,-45,102,4,0,6,98,6,0,0,0,94,86,3,97,1,4,4.7,0
2017,Chicago Wildfire,O'Brien,25,12,190.5,255.4,86,22,104.5,-32,135,13,0,16,121,11,0,0,0,91,113,2,98,9,0,0,0
2017,Chicago Wildfire,Pardo,68,12,280,445.4,219,51,61,6,257,61,0,16,195,19,1,0,0,90,247,9,96,20,0,0,0
2017,Chicago Wildfire,Phelps,-1,8,108,138.5,22,0,86,-50,71,1,0,2,71,6,0,0,0,92,56,2,97,4,0,0,0
2017,Chicago Wildfire,Rathunde,6,6,58,71.6,5,-2,53,-15,20,3,0,3,14,1,0,0,0,93,19,0,100,1,0,0,0
2017,Chicago Wildfire,Robin,-4,8,93.5,126.1,15.5,-6,78,-37,68,1,0,4,66,9,0,0,1,86,50,2,96,2,2,4.5,1
2017,Chicago Wildfire,Rummel,12,9,153,254,111,34,42,-5,171,14,0,6,157,8,0,0,0,95,151,4,97,4,1,6.9,0
2017,Chicago Wildfire,Shey,4,4,74.5,121,46.5,2,28,-11,37,3,0,2,33,1,0,0,0,97,36,2,95,2,0,0,0
2017,Chicago Wildfire,Sykora,0,10,135.5,163.8,34.5,6,101,-34,86,2,0,4,83,8,0,0,0,90,72,3,96,5,26,4.9,2
2017,Chicago Wildfire,Trotter,-4,12,238,383.3,203,48,35,10,520,5,0,9,515,20,0,0,0,96,410,4,99,6,0,0,0
2017,Chicago Wildfire,Uber,0,1,22,41,4,0,18,-14,10,0,0,0,10,0,0,0,0,100,9,0,100,0,0,0,0
2017,Chicago Wildfire,Vock,17,10,135,160.5,36,10,99,-39,64,9,0,2,55,1,0,0,0,98,57,1,98,8,68,5,5
2017,Chicago Wildfire,Von,12,10,154,223.3,52,11,102,-59,80,5,0,4,74,1,1,0,0,97,76,5,94,10,1,5.6,0
2017,Chicago Wildfire,Weis,34,9,192.5,264.4,104,36,88.5,-19,146,18,1,8,128,7,0,0,0,95,137,2,99,17,13,3.7,0
2017,Chicago Wildfire,Woods,-2,9,152,221.7,65,2,87,-42,239,3,0,6,236,11,0,0,0,95,190,3,98,3,0,0,0
2017,Chicago Wildfire,Zeman,12,7,102.5,156.9,17.5,-6,85,-43,43,6,0,4,36,5,0,0,0,86,36,0,100,7,0,0,0
2017,Chicago Wildfire,Zhao,3,7,111,121.5,47,11,64,-35,124,5,0,9,118,12,1,0,0,89,106,1,99,3,1,3.4,0
2017,Chicago Wildfire,AVERAGE,9.2,8.1,134,,70.3,16,63.8,-22.5,144.4,8.3,0,8.3,136,10,0.1,0,0,92.4,123.5,2.4,97.6,5.2,8.4,,0.6
2017,Chicago Wildfire,TOTAL,,,,,,,,,4044,232,1,231,3809,280,4,0,1,,3457,68,,146,236,,17
2017,DC Breeze,Alan K,29,8,169,278.8,136,71,33,7,275,15,0,26,258,17,1,0,0,93,244,4,98,10,0,0,0
2017,DC Breeze,Anonymous,-3,0,0,0,0,0,0,0,5,0,0,0,13,3,0,0,0,77,2,0,100,0,16,3.9,2
2017,DC Breeze,Austin B,3,12,211.5,277.8,59.5,18,152,-70,168,3,0,15,165,16,2,0,0,89,128,1,99,4,74,5.8,5
2017,DC Breeze,Brian M,20,7,109,150.6,20.5,9,88.5,-32,59,11,0,7,46,3,1,0,0,91,56,2,97,8,19,5.9,1
2017,DC Breeze,Chuck C,44,13,232,330.1,95,35,137,-27,152,28,0,12,123,5,1,0,0,95,147,1,99,11,4,5.8,1
2017,DC Breeze,Cory B,4,5,54,60.8,4,-2,50,-20,17,0,0,1,17,0,0,0,0,100,14,0,100,3,0,0,0
2017,DC Breeze,David B,18,13,236,326.6,55.5,20,180.5,-60,254,8,0,17,245,18,0,0,0,93,161,3,98,14,33,5.5,1
2017,DC Breeze,David BK,10,5,74.5,90.7,7.5,-1,67,-24,13,3,0,1,10,0,0,0,0,100,10,0,100,6,1,8.1,0
2017,DC Breeze,David C,18,7,130.5,174.4,44,15,86.5,-28,76,6,0,10,69,6,0,0,0,91,70,3,96,11,1,0,0
2017,DC Breeze,David S,8,11,155,190.5,21,4,134,-50,86,6,0,7,79,8,0,0,0,90,67,1,99,4,1,6.3,0
2017,DC Breeze,Eric M,6,6,95,106.4,23.5,9,71.5,-23,40,6,0,2,34,3,0,0,0,91,39,1,98,2,0,0,0
2017,DC Breeze,Jeff W,33,10,196,280.3,161,86,35,4,196,29,0,18,166,19,0,0,0,89,194,1,99,6,0,0,0
2017,DC Breeze,Joe F,12,4,66,101.6,38,25,28,-13,48,10,0,5,38,3,0,0,0,92,47,1,98,1,0,0,0
2017,DC Breeze,Joe R,5,5,74,110.7,11,2,63,-9,25,7,0,1,17,6,0,0,0,65,24,4,86,7,0,0,0
2017,DC Breeze,John A,12,9,131,159.9,9.5,-8,121.5,-40,41,6,0,2,35,1,0,0,0,97,38,1,97,6,1,0,0
2017,DC Breeze,John W,6,7,95,123.2,6,-1,89,-27,39,7,0,1,32,4,0,0,0,88,39,0,100,2,0,0,0
2017,DC Breeze,Jon N,-3,12,224.5,311.1,179,97,45.5,4,359,8,0,14,350,26,1,0,0,92,259,2,99,4,5,5.6,0
2017,DC Breeze,Jonny M,0,2,16.5,20.7,4.5,-1,12,-6,11,1,0,0,10,1,0,0,0,90,9,1,90,1,0,0,0
2017,DC Breeze,Justin S,5,4,57,77.9,39.5,20,17.5,-11,30,1,0,4,29,0,0,0,0,100,28,0,100,0,0,0,0
2017,DC Breeze,Keven M,1,6,81.5,95.6,7,-1,74.5,-34,37,2,0,2,35,3,0,0,0,91,34,3,92,3,0,0,0
2017,DC Breeze,Lloyd B,32,12,251,359.5,191.5,111,59.5,3,424,13,0,25,415,18,0,0,0,96,340,0,100,12,0,0,0
2017,DC Breeze,Marcus T,12,9,138.5,157.5,29,10,109.5,-44,45,6,0,3,37,2,0,0,0,95,39,1,98,6,0,0,0
2017,DC Breeze,Markha S,18,7,125.5,179.8,104,54,21.5,2,130,12,0,11,117,7,0,0,0,94,115,0,100,2,12,6.2,0
2017,DC Breeze,Matt K,14,7,113.5,145,101,62,12.5,6,102,8,0,8,94,3,0,0,0,97,96,2,98,3,0,0,0
2017,DC Breeze,Max C,44,11,197.5,279.6,174,98,23.5,12,241,37,0,24,203,20,1,0,0,90,211,2,99,6,4,5.6,0
2017,DC Breeze,Nate C,6,4,68,89.3,30,16,38,-14,53,3,0,5,49,4,0,0,0,92,41,0,100,2,29,6.1,1
2017,DC Breeze,Nathan P,6,9,150,207.4,106,62,44,-12,258,3,0,8,256,5,0,0,0,98,186,1,99,1,5,6.5,0
2017,DC Breeze,Rico J,28,12,245.5,298.1,68.5,18,177,-69,113,19,0,5,94,7,0,0,0,93,105,4,96,15,32,5.9,4
2017,DC Breeze,Rowan M,43,11,253,337.4,73,20,180,-61,218,17,0,27,199,15,1,1,0,91,193,1,99,17,80,5.9,7
2017,DC Breeze,Ryan N,6,4,50,69.5,39,15,11,-5,43,3,0,5,40,3,0,0,0,93,30,1,97,2,0,0,0
2017,DC Breeze,Ryan S,9,11,148.5,183.4,21,2,127.5,-50,48,4,0,6,42,3,0,0,0,93,43,3,93,5,0,0,0
2017,DC Breeze,Troy H,7,3,49,57.5,8,0,41,-12,21,3,1,3,17,0,0,0,0,100,19,1,95,2,0,0,0
2017,DC Breeze,Tyler M,39,8,159,234.3,140,85,19,4,217,23,0,37,194,17,0,0,0,91,210,6,97,2,0,0,0
2017,DC Breeze,Zach N,4,2,36,51.9,31,11,5,5,48,2,0,2,48,0,0,0,0,100,34,0,100,0,0,0,0
2017,DC Breeze,Zander T,4,4,65,92.5,49,26,16,-2,67,5,0,0,62,0,0,0,0,100,58,2,97,1,0,0,0
2017,DC Breeze,AVERAGE,14.3,7.4,127.4,,59.6,28.2,67.7,-19.9,113.1,9,0,9,103.9,7,0.2,0,0,92.5,95.1,1.5,97.5,5.1,9.1,,0.6
2017,DC Breeze,TOTAL,,,,,,,,,3959,315,1,314,3638,246,8,1,0,,3330,53,,179,317,,22
2017,Dallas Roughnecks,Abe,48,11,262.5,377.9,205.5,114,57,-8,239,32,0,33,206,16,0,0,0,92,219,4,98,3,28,6.5,0
2017,Dallas Roughnecks,Anonymous,0,0,0,0,0,0,0,0,3,0,0,0,9,0,0,0,0,100,3,0,100,0,1,0,1
2017,Dallas Roughnecks,Ashton,3,4,32,33.1,0,0,32,-19,2,1,0,0,1,0,0,0,0,100,2,0,100,2,0,0,0
2017,Dallas Roughnecks,Casey,15,10,165.5,221,82.5,45,83,-22,122,9,0,6,113,5,0,0,0,96,83,0,100,5,0,0,0
2017,Dallas Roughnecks,Chris L,27,10,164.5,231.6,9,-1,155.5,-46,87,16,0,6,71,3,0,0,0,96,86,1,99,9,0,0,0
2017,Dallas Roughnecks,Dalton,43,11,267,409.2,115.5,66,151.5,-30,289,19,0,34,268,18,0,0,0,93,247,2,99,10,2,3.2,0
2017,Dallas Roughnecks,Danimal,19,8,117,194.2,11.5,2,105.5,-16,47,11,0,3,36,6,0,0,0,83,45,2,96,13,2,3.9,0
2017,Dallas Roughnecks,Dylan,47,7,207.5,281,148.5,91,59,-23,245,26,0,30,218,9,1,0,0,95,210,3,99,4,8,6.4,2
2017,Dallas Roughnecks,Gabe,2,2,27.5,34.9,0,0,27.5,-11,6,2,0,0,4,2,0,0,0,50,5,0,100,2,1,2.9,0
2017,Dallas Roughnecks,Hudspith,2,4,51.5,48.5,0,0,51.5,-21,5,1,0,1,4,0,0,0,0,100,5,0,100,0,0,0,0
2017,Dallas Roughnecks,Jack,0,1,7.5,5.8,0,0,7.5,-5,0,0,0,0,0,0,0,0,0,0,0,0,0,0,0,0,0
2017,Dallas Roughnecks,Jake,8,4,43,48.8,1,0,42,-3,15,5,0,2,10,0,0,0,0,100,14,1,93,2,0,0,0
2017,Dallas Roughnecks,Jason,15,11,172.5,211.3,2,0,170.5,-54,71,8,0,4,62,4,0,0,0,94,68,0,100,7,0,0,0
2017,Dallas Roughnecks,Jay,67,12,260,378.2,83,48,177,-32,179,40,0,17,138,12,0,1,0,91,171,1,99,24,4,5.3,0
2017,Dallas Roughnecks,Jimmy,32,10,298,437,228,130,70,-2,359,25,0,34,331,36,1,0,0,89,331,4,99,14,45,6.9,2
2017,Dallas Roughnecks,Joel,1,2,21,25,0,0,21,-8,11,1,0,0,10,1,0,0,0,90,11,1,92,2,0,0,0
2017,Dallas Roughnecks,Kai,40,10,245,334.3,210,123,35,4,173,25,0,17,148,12,1,0,0,91,167,3,98,14,0,0,0
2017,Dallas Roughnecks,Kevin,-6,6,79,120.4,0,0,79,-29,67,1,0,1,66,9,0,0,0,86,45,1,98,2,4,4.6,0
2017,Dallas Roughnecks,Lewis,7,8,129.5,187.4,5.5,1,124,-29,46,5,0,1,41,5,0,0,0,88,44,3,94,9,0,0,0
2017,Dallas Roughnecks,Lohre,13,4,98,126.2,71,51,27,-4,91,11,0,7,79,4,0,0,0,95,81,3,96,2,4,5.4,0
2017,Dallas Roughnecks,Matt B,7,11,232,349.1,19.5,4,212.5,-58,307,3,0,23,305,30,0,0,0,90,226,2,99,13,181,5.6,9
2017,Dallas Roughnecks,Matty J,12,10,138.5,192,5.5,3,133,-42,76,7,0,3,67,3,0,0,0,96,65,0,100,5,1,0,0
2017,Dallas Roughnecks,Mazur,19,10,259.5,388.5,205.5,117,54,-4,456,13,0,31,443,27,1,0,0,94,338,1,100,4,30,6.2,0
2017,Dallas Roughnecks,Muffin,3,12,274,387.5,255,151,19,5,535,8,0,28,530,39,0,0,1,93,361,1,100,7,1,7.3,1
2017,Dallas Roughnecks,Patrick,2,9,109,125.3,1.5,2,107.5,-48,33,1,0,2,30,4,0,0,0,87,28,0,100,3,11,5.8,0
2017,Dallas Roughnecks,Paul,0,2,16.5,14.1,0,0,16.5,-10,0,0,0,0,0,0,0,0,0,0,0,0,0,0,0,0,0
2017,Dallas Roughnecks,Reid,10,11,172.5,214.2,3,1,169.5,-80,40,7,0,3,33,4,0,0,0,88,37,2,95,6,0,0,0
2017,Dallas Roughnecks,Stanley,33,9,181,258.1,142,84,39,2,139,22,0,16,116,7,1,0,0,93,132,1,99,4,0,0,0
2017,Dallas Roughnecks,Steven,2,2,22.5,23.2,1,0,21.5,-13,10,0,0,1,10,0,0,0,0,100,8,0,100,1,0,0,0
2017,Dallas Roughnecks,Thomas,26,6,117.5,197.5,94,61,23.5,9,114,15,0,10,99,2,0,0,0,98,113,2,98,5,0,0,0
2017,Dallas Roughnecks,Yetti,2,1,14.5,10.9,2,-1,12.5,-6,5,1,0,0,3,0,0,0,0,100,4,0,100,1,0,0,0
2017,Dallas Roughnecks,Zach,7,6,85.5,130.4,1.5,0,84,-20,32,1,0,3,29,0,0,0,0,100,27,2,93,5,0,0,0
2017,Dallas Roughnecks,AVERAGE,15.8,7,133.5,,59.5,34.1,74,-19.5,118.9,9.9,0,9.9,108.8,8.1,0.2,0,0,86.5,99.3,1.3,92,5.6,10.1,,0.5
2017,Dallas Roughnecks,TOTAL,,,,,,,,,3804,316,0,316,3480,258,5,1,1,,3176,40,,178,323,,15
2017,Detroit Mechanix,Adnan,-1,6,77.5,92.8,13,-4,64.5,-39,27,2,0,1,26,7,0,0,0,73,19,2,90,5,13,6.8,0
2017,Detroit Mechanix,Anonymous,1,1,1,0.1,1,0,0,0,8,0,0,3,15,1,0,0,0,93,3,1,75,0,12,1.5,0
2017,Detroit Mechanix,Austin,-2,6,138.5,227.6,113,29,25.5,-5,275,1,0,21,280,26,0,0,0,91,205,2,99,4,6,3.4,0
2017,Detroit Mechanix,Billy,-1,3,35,36.9,13,-4,22,-11,11,0,0,0,11,2,0,0,0,82,8,0,100,1,16,6.6,0
2017,Detroit Mechanix,Bobby,5,5,77.5,113.5,29,2,48.5,-26,32,7,0,1,25,6,0,0,0,76,29,0,100,3,13,0,0
2017,Detroit Mechanix,Bones,-15,6,124,179.8,58.5,-6,65.5,-31,226,1,0,13,224,31,0,0,0,86,165,1,99,3,5,0,0
2017,Detroit Mechanix,Brendan,1,1,8,10.8,1,0,7,-1,2,1,0,0,1,0,0,0,0,100,2,0,100,0,4,0,0
2017,Detroit Mechanix,Bubbles,10,5,97.5,126.1,23,-2,74.5,-36,30,5,0,1,25,5,0,0,0,80,28,1,97,10,66,5.6,0
2017,Detroit Mechanix,Burke,6,3,48,74.3,37,11,11,0,15,5,0,2,9,1,0,0,0,89,13,2,87,2,0,0,0
2017,Detroit Mechanix,Charlie,1,2,32,38.3,10,3,22,-10,10,2,0,1,8,2,0,0,0,75,10,1,91,1,0,0,0
2017,Detroit Mechanix,Coley,3,4,60.5,85.6,43.5,15,17,-4,85,3,0,4,81,6,0,0,0,93,49,0,100,2,0,0,0
2017,Detroit Mechanix,Dagher,-3,4,73,124.3,56.5,10,16.5,-4,116,1,0,3,115,6,0,0,0,95,95,3,97,2,0,0,0
2017,Detroit Mechanix,Dan D,12,6,146,235.8,132.5,38,13.5,1,286,5,0,20,281,20,0,0,0,93,211,0,100,7,1,7.6,0
2017,Detroit Mechanix,Danny,3,9,114.5,131.5,22.5,-3,92,-52,56,5,0,3,50,10,0,0,0,80,41,0,100,5,5,5.3,1
2017,Detroit Mechanix,Del,-3,4,69,102,45,8,24,-12,42,5,0,2,37,7,0,0,0,81,41,4,91,1,0,0,0
2017,Detroit Mechanix,Dutch,-1,3,44.5,63.4,33,7,11.5,-3,76,1,0,4,73,7,0,0,0,90,51,0,100,1,0,0,0
2017,Detroit Mechanix,Gary,-1,5,63,74.7,8.5,-4,54.5,-26,38,1,0,3,37,5,0,0,0,86,28,1,97,1,0,0,0
2017,Detroit Mechanix,Griffin,10,7,160.5,246.2,139,29,21.5,-9,132,8,0,5,123,7,0,0,0,94,127,4,97,8,0,0,0
2017,Detroit Mechanix,Hubbard,7,2,41.5,58.2,13.5,7,28,-9,27,4,0,2,21,0,0,0,0,100,25,0,100,1,0,0,0
2017,Detroit Mechanix,J,0,3,35,45.5,12.5,-1,22.5,-14,14,0,0,2,13,3,0,0,0,77,11,0,100,1,1,0,0
2017,Detroit Mechanix,JB,-3,4,49,60.3,12.5,1,36.5,-15,49,0,0,1,49,5,1,0,0,88,45,0,100,2,0,0,0
2017,Detroit Mechanix,Johnny,8,3,72,119.1,62.5,24,9.5,-4,112,12,0,11,99,18,0,0,0,82,105,0,100,3,3,8.5,0
2017,Detroit Mechanix,Josh,-10,9,150.5,186.1,56.5,-4,94,-53,125,1,0,1,124,15,0,0,0,88,86,1,99,4,18,0,0
2017,Detroit Mechanix,Kevin,1,3,52.5,66.7,17,-1,35.5,-24,10,1,0,1,8,1,0,0,0,88,10,2,83,2,0,0,0
2017,Detroit Mechanix,Lee,1,1,10,15.3,4,-1,6,-6,4,0,0,1,4,0,0,0,0,100,4,0,100,0,0,0,0
2017,Detroit Mechanix,Licki,9,5,118.5,194.1,103.5,29,15,0,134,12,1,7,122,13,0,0,0,89,120,1,99,4,0,0,0
2017,Detroit Mechanix,Lindberg,5,5,79,126.3,52,16,27,-5,100,5,0,12,95,11,0,0,0,88,76,5,94,4,5,7,0
2017,Detroit Mechanix,Luca,-1,2,17.5,22.2,2,0,15.5,-15,12,0,0,0,11,1,0,0,0,91,12,0,100,0,0,0,0
2017,Detroit Mechanix,Mark,7,6,78,82.6,17.5,4,60.5,-30,16,3,0,4,12,2,0,0,0,83,14,0,100,2,3,2.9,0
2017,Detroit Mechanix,Murphy,-6,5,59,77.9,22.5,-4,36.5,-18,50,0,0,2,48,9,0,0,0,81,38,1,97,2,2,3.3,0
2017,Detroit Mechanix,Parker,10,5,107.5,156.1,80.5,15,27,-14,40,7,0,5,33,3,0,0,0,91,39,2,95,3,0,0,0
2017,Detroit Mechanix,Rauls,1,2,46.5,75,37,6,9.5,-2,69,4,0,4,65,5,0,0,0,92,60,3,95,1,0,0,0
2017,Detroit Mechanix,Rio,22,6,121,166.9,98,37,23,-7,80,14,0,9,66,8,0,0,0,88,77,1,99,8,0,0,0
2017,Detroit Mechanix,Rooster,-3,5,63.5,93.9,25,-3,38.5,-20,50,4,0,1,46,6,0,0,0,87,37,2,95,0,0,0,0
2017,Detroit Mechanix,Skunk,5,2,30.5,44.2,6.5,2,24,-7,19,3,0,1,15,1,1,0,0,87,19,1,95,4,1,6.5,0
2017,Detroit Mechanix,Sluka,-2,3,45,38.2,5,-4,40,-27,5,0,0,0,5,2,0,0,0,60,4,1,80,1,0,0,0
2017,Detroit Mechanix,Sparky,35,8,170.5,303.7,151.5,28,19,4,148,38,0,3,109,7,0,0,0,94,146,8,95,9,0,0,0
2017,Detroit Mechanix,Tang,2,4,62.5,88,24,-1,38.5,-24,48,0,0,5,48,3,0,0,0,94,39,1,98,1,0,0,1
2017,Detroit Mechanix,X,6,8,82.5,122.2,21.5,-7,61,-33,35,1,0,2,33,3,0,0,0,91,33,2,94,8,1,0,0
2017,Detroit Mechanix,Yergin,-1,2,30.5,36.5,15,3,15.5,-11,5,0,0,0,5,0,0,0,0,100,5,2,71,1,0,0,0
2017,Detroit Mechanix,AVERAGE,3,4.3,72.3,,40.5,6.9,31.8,-15.1,65.5,4,0,4,61.3,6.6,0.1,0,0,87.4,53.3,1.4,95.2,2.9,4.4,,0.1
2017,Detroit Mechanix,TOTAL,,,,,,,,,2619,162,1,161,2452,265,2,0,0,,2130,55,,117,175,,2
2017,Indianapolis AlleyCats 2017,Alex,4,3,41,45.9,5,-3,36,-24,10,2,0,0,8,1,0,0,0,88,10,0,100,3,0,0,0
2017,Indianapolis AlleyCats 2018,Ames,-9,9,160,209.8,84,23,76,-26,187,1,0,5,186,17,0,0,0,91,126,1,99,3,2,7.8,0
2017,Indianapolis AlleyCats 2019,Anonymous,3,0,0,0,0,0,0,0,4,2,0,2,8,0,0,0,0,100,2,1,67,0,6,1.6,2
2017,Indianapolis AlleyCats 2020,Cam,47,11,266,360.6,232,103,34,3,226,38,0,35,187,26,0,0,0,86,214,5,98,5,0,0,0
2017,Indianapolis AlleyCats 2021,Colin,10,11,167,223.4,16,-6,151,-73,57,9,0,3,48,6,0,0,0,88,40,2,95,6,1,6.1,0
2017,Indianapolis AlleyCats 2022,Colton,1,1,13,11.1,0,0,13,-7,2,1,0,0,1,0,0,0,0,100,2,0,100,0,0,0,0
2017,Indianapolis AlleyCats 2023,Conner,3,2,23,18.1,0,0,23,-8,5,1,0,0,4,0,0,0,0,100,5,0,100,2,0,0,0
2017,Indianapolis AlleyCats 2024,Cox,1,9,170,218.2,88,16,82,-26,204,7,0,13,193,22,0,0,0,89,138,0,100,3,7,6.7,0
2017,Indianapolis AlleyCats 2025,Dana,7,7,95,112,17,0,78,-18,41,6,0,3,34,4,0,0,0,88,32,1,97,3,7,9.9,3
2017,Indianapolis AlleyCats 2026,Danger,10,11,247,337.1,216,98,31,1,146,19,0,7,128,13,0,0,0,90,138,7,95,4,0,0,0
2017,Indianapolis AlleyCats 2027,Donovan,-2,4,47,43,2,-2,45,-12,17,2,0,1,14,2,0,0,0,86,15,3,83,0,4,12.7,1
2017,Indianapolis AlleyCats 2028,Heath,1,7,58,73.7,3,1,55,-27,20,1,0,1,18,1,0,0,0,94,19,1,95,1,1,5.5,0
2017,Indianapolis AlleyCats 2029,Jarvis,4,10,103,101.2,8,-2,95,-40,30,3,0,2,26,4,0,0,0,85,23,0,100,3,3,5,0
2017,Indianapolis AlleyCats 2030,Jesse,1,1,8,9.3,0,0,8,-4,1,1,0,0,0,0,0,0,0,0,1,0,100,0,0,0,0
2017,Indianapolis AlleyCats 2031,Joey,-2,9,149,195.5,132,53,17,4,258,2,0,14,256,20,0,0,0,92,191,3,98,5,0,0,0
2017,Indianapolis AlleyCats 2032,John J,18,10,146.5,182.8,20.5,1,126,-55,25,6,0,2,19,2,0,0,0,89,22,0,100,12,0,0,0
2017,Indianapolis AlleyCats 2033,Josh,1,2,14,12.9,1,-1,13,-4,1,1,0,0,0,0,0,0,0,0,1,0,100,0,1,5.3,0
2017,Indianapolis AlleyCats 2034,Keenan,36,11,274.5,376,242.5,107,32,0,447,20,0,33,428,18,0,0,1,96,322,3,99,4,0,0,0
2017,Indianapolis AlleyCats 2035,Kip,3,4,48,39.2,0,0,48,-23,7,1,0,0,6,0,0,0,0,100,5,1,83,3,0,0,0
2017,Indianapolis AlleyCats 2036,Kobyra,-2,7,109,147.9,21,-3,88,-39,35,2,0,4,33,9,0,0,0,73,25,1,96,2,6,14.3,1
2017,Indianapolis AlleyCats 2037,Levi,16,10,191.5,288.4,69.5,0,122,-37,91,14,0,16,77,16,0,0,0,79,79,2,98,4,5,7.3,0
2017,Indianapolis AlleyCats 2038,Nick,22,9,178.5,250.9,36.5,-12,142,-52,79,5,0,16,72,14,0,0,0,81,63,1,98,16,96,7.7,7
2017,Indianapolis AlleyCats 2039,Rick,77,11,259,351.4,219,100,40,7,227,47,0,30,180,15,0,0,0,92,217,5,98,20,1,4.3,0
2017,Indianapolis AlleyCats 2040,Sam,-1,6,96,114.6,77,44,19,-8,127,1,0,5,126,6,0,0,0,95,97,2,98,1,0,0,0
2017,Indianapolis AlleyCats 2041,Specs,23,5,114.5,186.8,59.5,20,55,-1,67,15,0,5,53,5,0,0,0,91,59,1,98,9,1,8,0
2017,Indianapolis AlleyCats 2042,Spencer,26,11,230.5,326.9,128.5,53,102,-31,108,17,0,16,90,11,0,0,0,88,102,3,97,7,1,5.5,0
2017,Indianapolis AlleyCats 2043,Taco,1,1,7,10,0,0,7,0,1,0,0,0,1,0,0,0,0,100,1,0,100,1,0,0,0
2017,Indianapolis AlleyCats 2044,Travis,44,11,310,448.7,201,93,109,-21,393,22,0,36,371,29,0,0,0,92,324,0,100,15,53,7.1,6
2017,Indianapolis AlleyCats 2045,Wally,15,10,133,181.1,16,-6,117,-51,41,9,0,6,30,2,0,0,0,93,31,1,97,3,48,6.8,3
2017,Indianapolis AlleyCats 2046,Wenger,3,5,56,75.5,5,4,51,-31,14,1,0,0,13,1,0,0,0,92,14,0,100,3,0,0,0
2017,Indianapolis AlleyCats 2047,Will,1,3,43,65.6,2,-1,41,-19,8,0,0,0,8,1,0,0,0,88,8,1,89,3,4,8,0
2017,Indianapolis AlleyCats 2048,Zach,4,8,65,77,8,2,57,-37,17,1,0,2,15,1,0,0,0,93,16,0,100,2,2,7.4,1
2017,Indianapolis AlleyCats 2049,AVERAGE,11.4,6.8,119.5,,59.7,21.3,59.8,-20.6,90.5,8,0,8,82.3,7.7,0,0,0,85,73.2,1.4,96.2,4.5,7.8,,0.8
2017,Indianapolis AlleyCats 2050,TOTAL,,,,,,,,,2896,257,0,257,2633,246,0,0,1,,2342,45,,143,249,,24
2017,Jacksonville Cannons,Anonymous,0,0,0,0,0,0,0,0,5,0,0,2,6,0,0,0,0,100,2,2,50,0,22,3,0
2017,Jacksonville Cannons,Bullock,1,11,97.5,98.2,3,0,94.5,-47,78,1,0,3,77,5,0,0,0,94,66,0,100,2,50,6,5
2017,Jacksonville Cannons,Carleton,5,11,120,174.7,74,36,46,-16,108,3,0,2,103,2,0,0,0,98,73,0,100,2,0,0,0
2017,Jacksonville Cannons,Catron,26,9,226,299.2,184.5,107,41.5,1,191,12,0,15,181,5,0,0,0,97,185,1,99,5,0,0,0
2017,Jacksonville Cannons,Chard,7,11,115,143.5,5.5,-3,109.5,-47,32,4,0,2,27,2,0,0,0,93,29,1,97,4,2,7.1,0
2017,Jacksonville Cannons,Clarke,1,4,12,11.1,1,0,11,-4,3,0,0,0,3,0,0,0,0,100,3,0,100,1,0,0,0
2017,Jacksonville Cannons,Conklin,0,4,19.5,13,1,0,18.5,-9,2,1,0,0,1,1,0,0,0,0,2,0,100,0,0,0,0
2017,Jacksonville Cannons,Fairley,15,6,113,164.8,64.5,36,48.5,-15,104,11,0,4,93,5,0,0,0,95,67,0,100,5,20,5.7,2
2017,Jacksonville Cannons,Fioramon,1,5,32.5,41.5,2,-2,30.5,-24,16,0,0,0,15,1,0,0,0,93,14,1,93,3,0,0,0
2017,Jacksonville Cannons,Freystae,36,9,225.5,317.8,90.5,45,135,-50,169,31,0,12,139,9,0,0,0,94,165,7,96,9,0,0,0
2017,Jacksonville Cannons,Gaines,0,2,24.5,37.9,7,-2,17.5,-12,12,0,0,0,12,1,0,0,0,92,11,1,92,2,0,0,0
2017,Jacksonville Cannons,Gibson,9,7,131.5,189.3,116,58,15.5,2,79,6,0,5,73,2,0,0,0,97,78,0,100,0,0,0,0
2017,Jacksonville Cannons,Hickson,4,5,49,66,24,16,25,-9,42,1,0,2,41,3,1,0,0,90,20,0,100,5,0,0,0
2017,Jacksonville Cannons,Huston,40,10,224.5,360.3,188.5,92,36,-6,178,40,0,8,138,5,0,0,0,96,177,3,98,0,0,0,0
2017,Jacksonville Cannons,Ierardi,-2,2,16,12,0,0,16,-10,3,0,0,0,3,1,0,0,0,67,2,1,67,0,1,5.4,0
2017,Jacksonville Cannons,Koerner,4,9,127.5,162.3,9.5,-2,118,-63,22,1,0,2,21,0,0,0,0,100,21,2,91,3,0,0,0
2017,Jacksonville Cannons,Kunsa,12,7,148.5,240.2,124.5,74,24,1,230,10,0,14,217,14,0,0,0,94,189,1,99,3,0,0,0
2017,Jacksonville Cannons,Langdon,53,8,214.5,285.8,171.5,110,43,2,254,43,0,26,211,15,0,0,0,93,251,4,98,3,9,4.1,0
2017,Jacksonville Cannons,LaRocque,31,9,208,285.4,63.5,41,144.5,-45,228,8,0,29,221,8,0,0,0,96,187,1,99,3,12,6.2,0
2017,Jacksonville Cannons,Ley,25,11,263,418.3,241.5,122,21.5,8,632,18,0,36,613,37,2,0,0,94,578,0,100,10,0,0,0
2017,Jacksonville Cannons,McKelvey,8,8,144.5,206.8,82,22,62.5,-29,77,10,0,6,65,6,0,0,0,91,75,3,96,1,0,0,0
2017,Jacksonville Cannons,McKisic,-2,3,19.5,23.8,1,-1,18.5,-16,10,0,0,0,10,1,0,0,0,90,10,1,91,0,0,0,0
2017,Jacksonville Cannons,Patterso,0,1,10,5.7,0,0,10,-3,2,0,0,0,2,0,0,0,0,100,1,0,100,0,4,4,0
2017,Jacksonville Cannons,Perales,6,10,127.5,159,23.5,-3,104,-51,105,1,0,9,103,5,0,0,0,95,75,1,99,2,7,4.9,0
2017,Jacksonville Cannons,Polk,15,11,232.5,296.9,28.5,-2,204,-85,87,20,0,4,62,9,0,0,0,85,85,5,94,5,0,0,0
2017,Jacksonville Cannons,Poulos,0,1,11.5,21.9,8,0,3.5,-2,12,0,0,2,12,2,0,0,0,83,10,0,100,0,0,0,0
2017,Jacksonville Cannons,Repasky,2,3,53,80.9,37.5,3,15.5,-12,25,2,0,1,22,0,0,0,0,100,25,1,96,0,0,0,0
2017,Jacksonville Cannons,Roney,25,8,187,272.9,75.5,25,111.5,-32,265,7,0,30,262,16,0,0,0,94,217,4,98,8,0,0,0
2017,Jacksonville Cannons,Russell,2,5,43,38.1,1,-1,42,-31,20,1,0,1,19,0,0,0,0,100,16,0,100,0,0,0,0
2017,Jacksonville Cannons,Saffa,0,2,10.5,13.1,1,-1,9.5,-9,4,0,0,0,4,0,0,0,0,100,4,0,100,0,0,0,0
2017,Jacksonville Cannons,Schimmel,1,4,27.5,23.7,0,0,27.5,-16,11,0,0,0,10,0,0,0,0,100,10,0,100,1,0,0,0
2017,Jacksonville Cannons,Seuntjen,22,11,232,310.9,32.5,-1,199.5,-84,83,9,0,3,74,1,0,0,0,99,78,1,99,12,0,0,0
2017,Jacksonville Cannons,Sullivan,34,9,211,330.8,189.5,103,21.5,12,484,19,0,42,472,25,0,0,0,95,361,6,98,4,1,2.3,0
2017,Jacksonville Cannons,Travagli,5,10,146,177.3,9.5,-4,136.5,-60,75,3,0,2,70,7,0,0,0,90,57,0,100,7,127,6.3,10
2017,Jacksonville Cannons,AVERAGE,11.4,6.6,112.5,,54.8,25.5,57.7,-22.4,107.3,7.7,0,7.7,99.5,5.5,0.1,0,0,91.3,92.5,1.4,95.6,2.9,7.5,,0.5
2017,Jacksonville Cannons,TOTAL,,,,,,,,,3648,262,0,262,3382,188,3,0,0,,3144,47,,100,255,,17
2017,Los Angeles Aviators,Anonymous,0,0,0,0,0,0,0,0,1,0,0,0,11,0,0,0,0,100,0,0,0,0,0,0,0
2017,Los Angeles Aviators,Barnett,-2,10,165,204.4,23,0,142,-60,144,4,0,9,140,16,0,0,0,89,95,2,98,3,136,5.6,7
2017,Los Angeles Aviators,Bartholo,29,11,187.5,250.9,30,-1,157.5,-49,52,20,0,4,32,4,0,0,0,88,50,1,98,10,0,0,0
2017,Los Angeles Aviators,Beatty,33,11,247.5,343.3,234,114,13.5,3,541,10,0,35,530,12,1,0,0,98,471,1,100,2,0,0,0
2017,Los Angeles Aviators,Brooks S,1,8,178.5,254.6,171,70,7.5,-1,259,8,0,6,249,9,0,0,0,96,195,4,98,0,0,0,0
2017,Los Angeles Aviators,Doi T,15,8,195,258.3,105,52,90,-31,206,14,0,18,193,21,0,0,0,89,178,3,98,7,4,6.1,0
2017,Los Angeles Aviators,Drum A,2,2,20,22.1,3,1,17,-13,5,0,0,1,5,0,0,0,0,100,4,0,100,1,0,0,0
2017,Los Angeles Aviators,Elbogen,29,5,106,141.2,101,43,5,1,107,22,0,13,85,7,0,0,0,92,106,4,96,5,0,0,0
2017,Los Angeles Aviators,Ferguson,-5,4,45.5,53.7,6,-2,39.5,-20,38,0,0,1,37,5,0,0,0,86,28,1,97,0,33,6.7,3
2017,Los Angeles Aviators,Friedman,34,7,164,206.3,153,87,11,2,308,16,0,25,291,9,1,0,0,97,275,0,100,3,0,0,0
2017,Los Angeles Aviators,George B,39,11,235,326.1,223.5,108,11.5,2,301,30,0,17,271,10,1,0,0,96,296,5,98,8,0,0,0
2017,Los Angeles Aviators,Kiyoi,7,10,167,211.9,95.5,41,71.5,-24,163,14,0,5,148,10,0,0,0,93,152,4,97,2,0,0,0
2017,Los Angeles Aviators,Kohl A,7,6,94.5,117.7,8.5,-3,86,-36,28,4,0,0,24,0,0,0,0,100,27,0,100,3,0,0,0
2017,Los Angeles Aviators,Lai A,4,6,118,173.4,111,49,7,-1,259,2,0,8,257,6,0,0,0,98,173,0,100,0,0,0,0
2017,Los Angeles Aviators,Lissner,29,10,203.5,283.6,195,90,8.5,1,368,16,0,38,351,23,2,0,0,93,344,6,98,6,0,0,0
2017,Los Angeles Aviators,McDougal,24,8,150.5,181.5,24.5,1,126,-52,42,9,0,6,31,1,0,0,0,97,41,1,98,11,0,0,0
2017,Los Angeles Aviators,Mort J,19,10,155.5,213.2,18.5,-5,137,-59,41,6,0,8,35,4,0,0,0,89,38,0,100,9,3,6.1,1
2017,Los Angeles Aviators,Nguyen B,44,11,235,314.1,221.5,108,13.5,5,170,43,0,12,126,10,0,0,0,92,170,3,98,2,0,0,0
2017,Los Angeles Aviators,Padula A,10,8,109.5,135.1,8.5,-4,101,-29,35,3,0,3,31,3,0,0,0,90,34,1,97,8,1,5.9,0
2017,Los Angeles Aviators,Ransom N,10,10,155.5,212,60,19,95.5,-26,190,5,0,10,184,10,0,0,0,95,150,0,100,5,11,5.2,1
2017,Los Angeles Aviators,Schakner,5,4,53,62.8,7,1,46,-19,32,1,0,6,31,3,0,0,0,90,24,0,100,1,1,0,0
2017,Los Angeles Aviators,Severson,15,8,105.5,131.3,8,-2,97.5,-38,45,4,0,6,41,4,0,0,0,90,43,0,100,9,0,0,0
2017,Los Angeles Aviators,Steiner,21,11,225,285.3,42.5,1,182.5,-71,173,5,0,13,166,9,0,0,0,95,156,0,100,12,48,5.9,6
2017,Los Angeles Aviators,Theodore,33,11,209.5,267.2,42.5,-3,167,-45,72,19,0,6,52,4,0,0,0,92,65,3,96,15,0,0,0
2017,Los Angeles Aviators,Theologi,3,11,155.5,216.8,32.5,1,123,-36,148,1,0,9,145,8,1,0,0,94,101,2,98,4,27,6.9,3
2017,Los Angeles Aviators,Wang Kuo,7,9,135,168.3,15,-1,120,-38,65,5,0,6,59,7,0,0,0,88,60,0,100,3,0,0,0
2017,Los Angeles Aviators,Weaver A,15,10,145,185.6,14,-2,131,-58,63,8,0,4,55,1,0,0,0,98,60,1,98,5,0,0,0
2017,Los Angeles Aviators,AVERAGE,15.9,8.1,146.7,,72.4,28.3,74.4,-25.6,142.8,10,0,10,132.6,7.3,0.2,0,0,93.5,123.6,1.6,94.9,5,9.8,,0.8
2017,Los Angeles Aviators,TOTAL,,,,,,,,,3856,269,0,269,3580,196,6,0,0,,3336,42,,134,264,,21
2017,Madison Radicals ,A Brown,12,8,121,177.8,111,43,10,-3,273,3,0,15,272,5,1,0,0,98,226,2,99,2,0,0,0
2017,Madison Radicals ,Animal,9,4,58,86.3,52,25,6,0,112,3,0,8,111,3,0,0,0,97,91,1,99,2,0,0,0
2017,Madison Radicals ,Anonymous,2,0,0,0,0,0,0,0,6,1,0,1,5,0,0,0,0,100,3,0,100,0,1,0.8,0
2017,Madison Radicals ,Barker,5,5,70,105.1,61,31,9,5,106,11,0,2,95,6,0,0,0,94,106,2,98,0,0,0,0
2017,Madison Radicals ,Buddy,4,7,68,91,13,3,55,-14,20,4,0,2,16,0,0,0,0,100,18,2,90,0,4,5.9,0
2017,Madison Radicals ,Camp,41,10,167,243.8,152,71,15,1,215,34,0,18,180,9,0,0,0,95,209,3,99,1,0,0,0
2017,Madison Radicals ,Coolidge,37,11,189,260.4,80.5,36,108.5,-14,126,17,1,12,107,3,0,0,0,97,123,1,99,12,0,0,0
2017,Madison Radicals ,Debyl,2,1,7,15.5,1,-1,6,-2,2,1,0,1,1,0,0,0,0,100,2,0,100,0,0,0,0
2017,Madison Radicals ,Dirty,1,1,16,22,2,0,14,-5,7,1,0,1,6,2,0,0,0,67,7,0,100,1,0,0,0
2017,Madison Radicals ,Drews,1,4,44,61.6,17,8,27,-11,60,2,0,3,58,4,1,0,0,91,48,1,98,2,0,0,0
2017,Madison Radicals ,Everhart,10,8,166.5,232,45.5,10,121,-29,153,4,0,9,148,4,1,0,0,97,103,2,98,4,2,7.4,0
2017,Madison Radicals ,Graffy,36,9,212.5,336.1,43,6,169.5,-29,181,18,0,17,161,17,1,0,0,89,143,1,99,20,153,6,12
2017,Madison Radicals ,Hart,25,9,157,253.2,34.5,0,122.5,-12,165,11,0,16,153,5,1,0,0,96,124,2,98,6,1,7.2,0
2017,Madison Radicals ,Jdub,1,7,71.5,108.9,11.5,-1,60,-23,33,2,0,0,31,4,0,0,0,87,27,3,90,6,5,0,0
2017,Madison Radicals ,Johnson,7,3,39,51.6,36,27,3,1,29,6,0,2,23,0,0,0,0,100,29,2,94,1,0,0,0
2017,Madison Radicals ,K Brown,3,5,73.5,122.4,53,19,20.5,0,107,4,0,13,104,13,0,0,0,88,100,3,97,2,13,5.7,0
2017,Madison Radicals ,Kelly,0,3,27,45.1,1,-1,26,-8,12,0,0,0,11,0,0,0,0,100,12,1,92,1,0,0,0
2017,Madison Radicals ,Keren,3,5,60.5,98.1,52.5,31,8,-2,133,1,0,5,134,1,0,0,0,99,94,3,97,1,0,0,0
2017,Madison Radicals ,Knoche,25,7,130.5,211.2,14.5,-4,116,-22,37,12,0,3,25,0,0,0,0,100,35,3,92,13,0,0,0
2017,Madison Radicals ,KPS,40,12,241.5,360.5,52,15,189.5,-38,128,18,0,9,108,9,0,0,0,92,117,1,99,23,39,5.5,3
2017,Madison Radicals ,Luo,1,6,55,70.2,2,0,53,-24,37,1,0,4,35,7,0,0,0,80,33,0,100,3,4,7.1,0
2017,Madison Radicals ,Marty,11,9,85.5,117.5,5,1,80.5,-15,22,7,0,0,14,0,0,0,0,100,20,0,100,4,0,0,0
2017,Madison Radicals ,Maska,2,4,48,93.2,4,-1,44,0,18,2,0,1,16,3,0,0,0,81,17,1,94,3,0,0,0
2017,Madison Radicals ,Mason,8,11,98,150.2,9.5,-3,88.5,-34,11,4,0,0,7,0,0,0,0,100,10,1,91,5,0,0,0
2017,Madison Radicals ,Meshnick,34,9,236.5,341.4,49.5,13,187,-43,139,7,0,23,131,17,0,0,0,87,114,2,98,23,0,0,0
2017,Madison Radicals ,Meyer,4,3,33,51.6,7,-4,26,-10,7,0,0,1,7,0,0,0,0,100,6,0,100,3,0,0,0
2017,Madison Radicals ,Nelson,16,9,135,185.7,116,65,19,-1,236,7,0,18,231,9,0,0,0,96,172,3,98,3,0,0,0
2017,Madison Radicals ,Pruess,13,10,177,250.1,42,12,135,-24,133,7,0,10,127,11,0,0,0,91,101,0,100,7,14,5.6,0
2017,Madison Radicals ,Richgels,11,3,46.5,61.3,44,20,2.5,1,42,6,0,4,36,0,1,0,0,97,41,1,98,3,0,0,0
2017,Madison Radicals ,Scullion,4,8,102.5,148.6,60.5,18,42,-18,119,6,0,6,111,8,0,0,0,93,70,1,99,1,13,6.2,1
2017,Madison Radicals ,Shriwise,8,11,144,209.7,129,58,15,0,266,10,0,10,254,16,0,0,0,94,245,1,100,5,0,0,0
2017,Madison Radicals ,Spiro,0,1,5,9.2,0,0,5,-3,0,0,0,0,0,0,0,0,0,0,0,0,0,0,0,0,0
2017,Madison Radicals ,Swain,3,2,13,33.6,0,0,13,6,9,1,0,2,8,0,0,0,0,100,8,2,80,2,0,0,0
2017,Madison Radicals ,Thib,8,6,72.5,90.7,69,36,3.5,0,66,4,0,9,61,5,1,0,0,90,65,1,98,2,0,0,0
2017,Madison Radicals ,Tucker,19,7,80,116.4,73.5,35,6.5,0,35,13,0,4,22,0,0,0,0,100,34,0,100,2,0,0,0
2017,Madison Radicals ,Warner,-1,1,5,6,0,0,5,-5,0,0,0,0,0,0,0,0,0,0,0,1,0,0,0,0,0
2017,Madison Radicals ,Weber,5,2,36,58.4,16,7,20,-4,10,5,0,0,5,1,0,0,0,80,9,0,100,1,0,0,0
2017,Madison Radicals ,Wilen,1,3,20,27.8,2,0,18,0,8,0,0,1,8,0,0,0,0,100,8,2,80,2,0,0,0
2017,Madison Radicals ,Wiseman,11,10,169,251.1,144.5,62,24.5,1,155,14,0,16,139,17,0,0,0,88,152,4,97,2,3,7.3,0
2017,Madison Radicals ,AVERAGE,10.8,6,89.3,,41.2,16.3,48.1,-9.7,82.5,6.3,0,6.3,75.9,4.6,0.2,0,0,88.8,69.8,1.4,91.6,4.3,6.5,,0.4
2017,Madison Radicals ,TOTAL,,,,,,,,,3218,247,1,246,2961,179,7,0,0,,2722,53,,168,252,,16
2017,Minnesota Wind Chill,Anonymous,-1,0,0,0,0,0,0,0,4,1,0,0,8,2,0,0,0,75,4,0,100,0,2,0,0
2017,Minnesota Wind Chill,Berry C,29,10,178,291.5,28.5,-5,149.5,-27,80,12,0,12,65,8,0,0,0,88,73,2,97,15,2,5.8,1
2017,Minnesota Wind Chill,Bumste S,1,3,32,55.9,13,8,19,-2,15,2,0,1,13,0,1,0,0,92,15,2,88,1,5,5,0
2017,Minnesota Wind Chill,Burkha M,19,10,193.5,267.5,100,45,93.5,-14,216,6,0,15,209,6,0,0,0,97,158,2,99,6,31,6.3,4
2017,Minnesota Wind Chill,Collom D,4,8,165.5,212.4,20.5,1,145,-29,152,3,0,11,146,15,1,0,0,89,90,0,100,6,2,4.4,0
2017,Minnesota Wind Chill,Cousi G,46,10,205,291.8,176,81,29,10,190,41,0,21,147,17,0,0,0,88,184,4,98,5,0,0,0
2017,Minnesota Wind Chill,DeCler D,31,10,156,208.9,17,-1,139,-28,36,14,0,4,22,0,0,0,0,100,33,1,97,14,0,0,0
2017,Minnesota Wind Chill,Deneco C,13,4,77,158.8,67,24,10,3,69,13,0,0,56,2,0,0,0,96,67,1,99,3,0,0,0
2017,Minnesota Wind Chill,Dresch J,17,9,171.5,294,32,0,139.5,-26,114,12,0,13,102,23,0,0,0,77,92,0,100,15,137,5.6,7
2017,Minnesota Wind Chill,Feldma B,4,9,99.5,125,9,-4,90.5,-23,68,3,1,11,64,14,0,0,0,78,56,2,97,6,0,0,0
2017,Minnesota Wind Chill,Groven T,2,7,80,121.8,10,-3,70,-14,72,1,0,4,71,5,0,0,1,93,48,1,98,3,9,5,1
2017,Minnesota Wind Chill,Johnso E,-3,6,128.5,240.7,83.5,30,45,-17,115,4,0,10,110,16,1,0,0,85,100,3,97,3,21,5.7,2
2017,Minnesota Wind Chill,Jordan M,3,3,26,24.1,1.5,1,24.5,-6,11,2,1,2,8,1,0,0,1,88,10,1,91,1,11,5.1,0
2017,Minnesota Wind Chill,Kittle J,25,10,131,178.6,20,-4,111,-23,40,6,0,5,34,3,0,0,0,91,34,1,97,18,0,0,0
2017,Minnesota Wind Chill,Klane J,16,10,216,357.1,184.5,84,31.5,10,555,8,0,42,552,37,0,0,0,93,468,1,100,4,0,0,0
2017,Minnesota Wind Chill,Latham T,5,5,50.5,102.3,9.5,-6,41,-8,12,3,0,2,9,1,0,0,0,89,11,3,79,4,0,0,0
2017,Minnesota Wind Chill,Lee A,1,3,13,11.7,0,0,13,0,4,1,0,0,2,0,0,0,0,100,4,0,100,0,0,0,0
2017,Minnesota Wind Chill,Lien A,-9,5,106.5,153.1,93.5,36,13,1,310,2,0,6,308,17,1,0,0,94,241,0,100,1,0,0,0
2017,Minnesota Wind Chill,Lien J,2,3,32,43.4,5,-2,27,-4,26,0,0,1,27,1,0,0,0,96,11,0,100,2,0,0,0
2017,Minnesota Wind Chill,Matis B,9,7,81,89.1,6.5,-2,74.5,-37,17,4,0,0,13,2,0,0,0,85,16,1,94,8,1,7,0
2017,Minnesota Wind Chill,McCutc C,1,2,17,21.6,0,0,17,-8,2,1,0,0,1,1,0,0,0,0,2,0,100,1,0,0,0
2017,Minnesota Wind Chill,Osgar R,44,10,215.5,319.1,183.5,81,32,13,205,29,0,29,176,13,0,0,0,93,201,8,96,7,0,0,0
2017,Minnesota Wind Chill,Pangburn,-1,2,12.5,16.8,0.5,-1,12,-6,5,0,0,0,5,1,0,0,0,80,5,0,100,0,0,0,0
2017,Minnesota Wind Chill,Polett T,-3,3,51,112.4,37,20,14,-5,78,0,0,2,78,5,0,0,0,94,64,0,100,0,0,0,0
2017,Minnesota Wind Chill,Rasmus E,8,7,97.5,113.5,54.5,31,43,-7,62,5,0,8,57,5,0,0,0,91,60,1,98,1,0,0,0
2017,Minnesota Wind Chill,Rooffe D,1,4,14.5,16.6,0,0,14.5,-3,3,1,0,0,2,0,0,0,0,100,3,0,100,0,0,0,0
2017,Minnesota Wind Chill,Schoen B,14,6,123,194.2,14.5,2,108.5,-16,63,10,0,3,53,2,0,0,0,96,59,4,94,7,0,0,0
2017,Minnesota Wind Chill,Schuwe C,1,1,10,10.6,1,-1,9,-3,1,0,0,0,1,0,0,0,0,100,1,0,100,1,0,0,0
2017,Minnesota Wind Chill,Shirle D,0,4,38,40,0,0,38,-21,13,1,0,0,11,2,0,0,0,82,11,0,100,1,0,0,0
2017,Minnesota Wind Chill,Shramk L,0,1,6,5.8,0,0,6,2,3,1,0,0,2,1,0,0,0,50,3,0,100,0,0,0,0
2017,Minnesota Wind Chill,Simone N,24,7,143.5,192.3,123.5,59,20,7,144,15,0,13,129,2,0,0,0,98,142,4,97,2,0,0,0
2017,Minnesota Wind Chill,Sulliv B,-1,3,20,16.9,1,-1,19,-7,7,0,0,0,7,0,0,0,0,100,1,2,33,1,0,0,0
2017,Minnesota Wind Chill,Tschid J,7,8,165.5,223.5,140,65,25.5,7,345,11,0,5,334,13,0,0,1,96,267,2,99,6,0,0,0
2017,Minnesota Wind Chill,Vohnto B,4,3,29,38.8,24,7,5,-1,20,5,0,0,15,2,0,0,0,87,20,0,100,1,0,0,0
2017,Minnesota Wind Chill,Weiss L,10,6,91,133.2,20,8,71,-15,46,7,0,3,37,2,1,0,0,92,44,3,94,6,4,3,0
2017,Minnesota Wind Chill,Wolle C,-1,1,10,17.5,0,0,10,-5,4,1,0,0,3,2,0,0,0,33,4,0,100,0,0,0,0
2017,Minnesota Wind Chill,AVERAGE,8.9,5.6,88.5,,41,15.4,47.5,-8.4,86.3,6.3,0.1,6.2,79.9,6.1,0.1,0,0.1,85.7,72.3,1.4,95.6,4.1,6.3,,0.4
2017,Minnesota Wind Chill,TOTAL,,,,,,,,,3107,225,2,223,2877,221,5,0,3,,2602,49,,149,225,,15
2017,Montreal Royal,Anonymous,-4,0,0,0,0,0,0,0,34,0,0,2,62,7,0,0,0,89,20,2,91,3,7,1,0
2017,Montreal Royal,Arsenaul,30,12,229,357.9,76.5,20,152.5,-34,103,23,0,5,79,12,0,0,0,85,96,3,97,17,1,0,0
2017,Montreal Royal,Auger M,0,1,9,18.7,1,1,8,-6,2,0,0,0,2,0,0,0,0,100,2,0,100,0,0,0,0
2017,Montreal Royal,AugerSem,3,10,129.5,188.4,22,3,107.5,-39,39,1,0,2,36,3,0,0,0,92,38,1,97,4,1,8.6,1
2017,Montreal Royal,Bonnaud,64,12,251,378.1,202,84,49,-10,213,40,0,21,172,8,0,0,0,95,204,4,98,15,0,0,0
2017,Montreal Royal,Bonneau,11,12,222,329.4,162,73,60,-18,399,3,0,41,393,33,0,0,0,92,260,5,98,5,15,8.7,2
2017,Montreal Royal,Breton F,4,8,87.5,132.7,15,2,72.5,-24,33,6,0,0,26,2,0,0,0,92,32,3,91,3,0,0,0
2017,Montreal Royal,Daigle F,11,9,168.5,252.6,89.5,39,79,-22,281,9,0,19,269,19,0,0,1,93,197,6,97,8,4,0,0
2017,Montreal Royal,Danduran,26,10,150,227.3,37,13,113,-27,88,13,0,6,73,3,0,0,0,96,80,0,100,10,0,0,0
2017,Montreal Royal,Ferraro,13,9,143.5,207.5,35.5,10,108,-37,55,6,0,2,49,2,0,0,0,96,50,2,96,9,1,5.8,0
2017,Montreal Royal,Foster C,11,3,66.5,103.5,16.5,7,50,-22,64,5,0,9,58,6,0,0,0,90,56,0,100,3,47,7.2,4
2017,Montreal Royal,Genest A,17,11,217,308.7,106.5,43,110.5,-34,303,4,0,32,299,28,0,0,0,91,192,3,98,12,56,6.4,8
2017,Montreal Royal,Genest J,8,7,77,118.4,6,1,71,-33,23,2,0,2,19,3,0,0,0,84,21,0,100,7,37,4.7,1
2017,Montreal Royal,Goderre,12,8,150.5,222.7,126.5,51,24,-7,203,12,0,11,191,11,0,0,0,94,188,4,98,4,0,0,0
2017,Montreal Royal,Groulx K,19,11,201.5,279.9,70,19,131.5,-42,129,16,0,14,113,22,0,0,0,81,123,2,98,13,23,8.2,2
2017,Montreal Royal,Katz B,15,7,130.5,217.3,84,37,46.5,-19,163,12,0,7,146,7,0,0,0,95,149,1,99,4,2,5.6,0
2017,Montreal Royal,Limoges,3,3,44,81.5,33,12,11,-5,22,1,0,2,21,1,0,0,0,95,21,0,100,1,0,0,0
2017,Montreal Royal,Martinez,5,7,68,94.8,0,0,68,-37,49,4,0,1,44,2,0,0,0,95,39,0,100,2,0,0,0
2017,Montreal Royal,Mbae Vog,36,10,168,259.1,148.5,62,19.5,-1,180,23,0,20,157,13,0,0,0,92,176,5,97,11,0,0,0
2017,Montreal Royal,McAlear,2,3,31,40.6,3,0,28,-13,23,1,0,1,20,2,0,0,0,90,18,0,100,2,19,0,3
2017,Montreal Royal,Monfette,13,10,155,224.8,26,5,129,-37,151,6,0,11,142,13,1,0,0,90,117,0,100,10,0,0,0
2017,Montreal Royal,Nemours,6,4,70,101.5,45,26,25,0,55,2,0,2,53,2,0,0,0,96,49,0,100,4,0,0,0
2017,Montreal Royal,Quinlan,21,11,209,321.9,184,77,25,-6,220,17,0,19,203,20,0,0,0,90,210,2,99,7,0,0,0
2017,Montreal Royal,Rick M,-2,12,218,354.7,159.5,58,58.5,-19,348,4,0,19,344,28,0,0,1,92,280,4,99,7,3,5.9,0
2017,Montreal Royal,Riopel J,7,10,114,165.8,21,3,93,-43,30,5,0,2,25,1,0,0,0,96,30,0,100,1,1,0,0
2017,Montreal Royal,Saunders,0,6,64,96.4,22,8,42,-14,60,0,0,2,58,1,0,0,0,98,43,2,96,1,0,0,0
2017,Montreal Royal,Taylor J,5,5,56.5,98.2,17.5,-1,39,-22,30,5,0,0,25,3,0,0,0,88,28,1,97,4,0,0,0
2017,Montreal Royal,Thivierg,-1,3,44,84.7,7,-2,37,-18,25,0,0,1,25,4,0,0,0,84,12,0,100,2,22,0,2
2017,Montreal Royal,TrJoncas,3,7,83.5,111.5,11,0,72.5,-38,23,3,0,0,18,2,0,0,0,89,22,4,85,6,15,0,1
2017,Montreal Royal,Vallee F,6,9,100,147.8,14,1,86,-39,55,6,0,5,48,8,0,0,0,83,52,0,100,3,0,0,0
2017,Montreal Royal,Voelpel,25,10,210,316.5,175,84,35,-7,103,32,0,3,71,7,0,0,0,90,100,8,93,5,0,0,0
2017,Montreal Royal,AVERAGE,11.9,7.7,124.8,,61.8,23.7,63,-21.7,113.1,8.4,0,8.4,104.5,8.8,0,0,0.1,91.4,93.7,2,97.5,5.9,8.2,,0.8
2017,Montreal Royal,TOTAL,,,,,,,,,3506,261,0,261,3241,273,1,0,2,,2905,62,,183,254,,24
2017,Nashville Nightwatch,Andy B,-5,4,44.5,64.5,30,4,14.5,-10,25,3,0,1,22,7,0,0,0,68,25,2,93,0,2,9.4,0
2017,Nashville Nightwatch,Anonymous,-14,0,0,0,0,0,0,0,15,0,0,1,18,3,0,0,0,83,11,17,39,5,10,2.9,1
2017,Nashville Nightwatch,Ben B,1,9,207.5,180.9,77.5,0,130,-101,122,4,0,12,116,18,0,0,0,84,89,4,96,7,20,5.2,1
2017,Nashville Nightwatch,Blake W,-6,10,227,239,179.5,37,47.5,-29,350,8,0,24,342,34,0,0,0,90,257,5,98,1,23,5.8,3
2017,Nashville Nightwatch,Cam S,4,1,25,9.7,20,7,5,-1,7,6,0,0,2,2,0,0,1,0,6,0,100,0,0,0,0
2017,Nashville Nightwatch,Cam Snoo,2,3,44,48,20,-2,24,-22,6,0,0,1,5,0,0,0,0,100,6,0,100,1,0,0,0
2017,Nashville Nightwatch,Carden,5,7,125.5,124.5,57.5,8,68,-56,36,6,0,2,30,4,0,0,0,87,34,2,94,3,0,0,0
2017,Nashville Nightwatch,Carter R,14,5,122,112.5,81.5,24,40.5,-25,70,6,0,13,64,11,0,0,0,83,59,1,98,7,6,6.1,0
2017,Nashville Nightwatch,Chase,1,1,9,8.5,1,-1,8,-6,5,0,0,0,5,0,0,0,0,100,3,0,100,1,0,0,0
2017,Nashville Nightwatch,Colin,15,9,175,167,88.5,17,86.5,-62,77,13,0,7,64,7,0,0,0,89,74,0,100,2,11,5.7,1
2017,Nashville Nightwatch,Conger,-2,6,159.5,181,134.5,23,25,-19,204,1,0,17,203,20,0,0,0,90,165,2,99,2,4,5.8,0
2017,Nashville Nightwatch,Corey,12,7,159.5,203.3,122,18,37.5,-30,80,19,0,2,61,8,0,0,0,87,80,5,94,4,0,0,0
2017,Nashville Nightwatch,Crim,0,2,29,25.9,17,1,12,-11,10,1,0,1,9,1,0,0,0,89,9,1,90,0,0,0,0
2017,Nashville Nightwatch,Danny On,2,6,104,109,67,-9,37,-30,63,3,0,3,59,5,0,0,0,92,58,0,100,1,0,0,0
2017,Nashville Nightwatch,Eric S,4,1,21,27.6,17,2,4,-4,49,2,0,4,47,2,0,0,0,96,43,0,100,0,0,0,0
2017,Nashville Nightwatch,Eric Sjo,0,1,29,38.4,25,9,4,0,43,0,0,1,41,2,0,0,0,95,27,0,100,1,0,0,0
2017,Nashville Nightwatch,Ethan D,13,3,82,87.9,63.5,21,18.5,-14,55,11,0,5,45,3,0,0,0,93,54,1,98,1,0,0,0
2017,Nashville Nightwatch,Garrett,-1,1,17,10.6,7,1,10,-6,1,0,0,0,1,1,0,0,0,0,0,0,0,0,0,0,0
2017,Nashville Nightwatch,Grant W,5,7,122,102.5,57,4,65,-43,79,3,0,5,75,6,0,0,0,92,48,1,98,4,3,5.8,0
2017,Nashville Nightwatch,J Moore,-6,5,69,67.8,41,-1,28,-22,35,3,0,0,32,9,0,0,0,72,21,0,100,0,1,4,0
2017,Nashville Nightwatch,Jake W,22,7,171.5,217.3,151.5,25,20,-11,105,21,0,10,84,10,0,0,0,88,100,2,98,3,0,0,0
2017,Nashville Nightwatch,Javi,7,8,161,172.5,57.5,0,103.5,-86,69,10,0,3,59,8,0,0,0,86,66,3,96,5,1,0,0
2017,Nashville Nightwatch,Jesse D,0,6,59,65.3,22,-4,37,-27,8,2,0,0,6,1,0,0,0,83,8,1,89,0,0,0,0
2017,Nashville Nightwatch,Jesse S,1,9,119,109,92,4,27,-21,59,4,0,1,55,3,0,0,0,95,38,1,97,0,0,0,0
2017,Nashville Nightwatch,Justin,0,2,28,29.1,21,1,7,-3,12,1,0,2,12,3,0,0,0,75,12,0,100,0,0,0,0
2017,Nashville Nightwatch,Justin S,-1,1,15,11.3,3,-2,12,-8,5,0,0,0,5,1,0,0,0,80,5,0,100,0,0,0,0
2017,Nashville Nightwatch,Kyle W,0,5,87,96.5,24.5,-2,62.5,-55,52,2,0,3,50,4,0,0,0,92,31,3,91,2,2,5.9,0
2017,Nashville Nightwatch,Lindsey,5,9,135,155,59,-2,76,-54,48,5,0,2,43,4,0,0,0,91,44,2,96,4,0,0,0
2017,Nashville Nightwatch,Mac m,3,2,38,30.9,21,8,17,-15,22,3,0,1,19,1,0,0,0,95,15,0,100,0,0,0,0
2017,Nashville Nightwatch,Mark,-1,3,45,66.1,36,0,9,-7,58,2,0,1,56,4,0,0,0,93,43,1,98,1,0,0,0
2017,Nashville Nightwatch,Matt R,8,2,34,19.6,14,2,20,-16,5,3,0,1,3,0,0,0,0,100,5,0,100,4,1,0,0
2017,Nashville Nightwatch,Mike D,-2,1,21,8.1,17,-2,4,-2,4,1,0,0,3,3,0,0,0,0,1,0,100,0,0,0,0
2017,Nashville Nightwatch,PatrickD,11,9,190,165.4,128,31,62,-45,200,13,0,21,187,26,0,0,0,86,159,5,97,8,2,11.2,0
2017,Nashville Nightwatch,Phil D,6,10,190,210.6,91,12,99,-77,112,3,0,9,109,9,0,0,0,92,78,3,96,6,18,6.5,5
2017,Nashville Nightwatch,Radcliff,15,5,109,129.3,84.5,23,24.5,-19,87,7,0,8,79,6,0,0,0,92,85,1,99,7,0,0,0
2017,Nashville Nightwatch,Ray D,-1,1,10,8.3,10,1,0,0,12,0,0,1,11,2,0,0,0,82,12,1,92,1,0,0,0
2017,Nashville Nightwatch,Slater,-11,8,109.5,128.1,57,1,52.5,-34,138,1,0,3,138,16,0,0,0,88,101,0,100,1,40,6.3,1
2017,Nashville Nightwatch,Xavier,0,8,174,188.8,113.5,28,60.5,-43,212,1,0,16,211,17,0,0,0,92,151,1,99,1,46,5.7,2
2017,Nashville Nightwatch,Z Avello,25,8,198,210.4,108.5,6,89.5,-70,79,19,0,6,58,5,0,0,0,91,75,0,100,5,1,0,0
2017,Nashville Nightwatch,AVERAGE,3.4,4.9,94,,56.9,7.5,37.1,-27.8,67.2,4.8,0,4.8,62.3,6.8,0,0,0,81.8,53.8,1.7,93.5,2.3,4.9,,0.4
2017,Nashville Nightwatch,TOTAL,,,,,,,,,2619,187,0,187,2429,266,0,0,1,,2098,65,,88,191,,14
2017,New York Empire,Alorro J,7,8,140.5,230.4,15.5,-4,125,-40,154,3,0,11,149,12,0,0,0,92,100,3,97,8,19,6.2,2
2017,New York Empire,Anonymous,0,0,0,0,0,0,0,0,1,0,0,0,11,0,0,0,0,100,0,0,0,0,0,0,0
2017,New York Empire,Aulett M,23,9,124.5,191.5,107,43,17.5,5,174,13,0,16,161,8,1,0,0,94,115,1,99,4,1,5.6,0
2017,New York Empire,Babbit J,63,9,224,331.9,37,9,187,-48,129,32,0,4,96,2,0,0,0,98,117,1,99,30,0,0,0
2017,New York Empire,Brooks T,18,9,145.5,212.4,134,52,11.5,5,204,8,0,23,195,11,0,0,0,94,161,3,98,1,0,0,0
2017,New York Empire,Bryant I,1,4,23,27.6,2,-3,21,-9,7,2,0,0,5,1,0,0,0,80,6,0,100,0,0,0,0
2017,New York Empire,Cofer C,-4,7,108,192.8,9.5,1,98.5,-24,92,1,0,11,91,17,0,0,0,81,72,1,99,2,8,5.1,0
2017,New York Empire,Cox C,1,1,4.5,6.5,2.5,-2,2,1,5,0,0,1,5,2,0,0,0,60,3,0,100,2,0,0,0
2017,New York Empire,Drost M,19,9,156.5,231,109,32,47.5,-6,119,11,0,11,107,8,0,0,0,93,115,1,99,6,0,0,0
2017,New York Empire,Drost R,26,9,194.5,299.8,28,4,166.5,-50,83,7,0,3,75,5,0,0,0,93,71,0,100,21,0,0,0
2017,New York Empire,Garvey H,-7,8,151.5,226.1,136.5,57,15,5,304,3,0,19,300,27,2,0,0,90,263,1,100,1,4,6.8,0
2017,New York Empire,Guerin I,3,6,34,53.5,2.5,-3,31.5,-1,11,1,0,1,10,1,0,0,0,90,10,0,100,2,0,0,0
2017,New York Empire,Haskel T,4,6,55,73.2,5.5,-1,49.5,0,16,3,0,1,13,2,0,0,0,85,16,0,100,2,0,0,0
2017,New York Empire,Holmes R,7,5,90,129.4,8.5,1,81.5,-33,20,4,0,1,15,4,0,0,0,73,18,0,100,6,64,5.7,2
2017,New York Empire,Ivers B,-1,3,26.5,42.5,3,3,23.5,-8,9,0,0,0,8,0,0,0,0,100,9,1,90,0,0,0,0
2017,New York Empire,Jagt B,15,3,80.5,132.4,13,-1,67.5,-7,49,7,0,4,42,7,0,0,0,83,41,0,100,11,3,5.9,1
2017,New York Empire,Kalmak P,2,3,10.5,19.4,5,3,5.5,1,13,0,0,1,13,0,0,0,0,100,9,0,100,1,0,0,0
2017,New York Empire,Keegan S,14,4,60,77.3,56.5,28,3.5,2,135,4,0,15,131,6,0,0,0,95,112,0,100,1,0,0,0
2017,New York Empire,Kline C,21,7,107,176.7,93,40,14,-1,76,26,0,4,50,5,0,0,0,90,74,4,95,0,0,0,0
2017,New York Empire,Kocher C,17,5,110.5,156,97.5,34,13,4,206,4,0,18,202,6,0,0,0,97,180,0,100,1,0,0,0
2017,New York Empire,Komino T,3,5,48.5,68.6,1.5,-1,47,-22,14,3,0,1,11,1,0,0,0,91,12,1,92,1,0,0,0
2017,New York Empire,Kuzmow M,3,4,60,94.9,56,26,4,3,61,7,0,3,54,10,0,0,0,81,60,2,97,5,0,0,0
2017,New York Empire,Lemar M,13,9,143.5,214.4,8.5,0,135,-40,75,6,0,12,66,8,0,0,0,88,62,1,98,4,0,0,0
2017,New York Empire,Little S,3,7,123.5,201,110,42,13.5,7,201,7,0,8,194,16,0,0,0,92,175,2,99,6,0,0,0
2017,New York Empire,Norton K,2,3,44.5,64.6,40,10,4.5,3,26,1,0,2,25,1,0,0,0,96,25,2,93,2,0,0,0
2017,New York Empire,Price J,0,2,15,22.3,0,0,15,2,7,0,0,0,7,1,0,0,0,86,6,0,100,1,2,6.2,0
2017,New York Empire,Schlor C,2,2,11,16,0,0,11,-6,3,1,0,0,2,0,0,0,0,100,3,0,100,1,0,0,0
2017,New York Empire,Steven M,9,7,62,89.4,52.5,20,9.5,-1,30,10,0,0,19,1,0,0,0,95,30,0,100,0,0,0,0
2017,New York Empire,Taylor S,2,6,52,79,4.5,1,47.5,-23,33,0,0,3,33,2,1,0,0,91,27,0,100,2,5,5.8,2
2017,New York Empire,Ward R,5,4,43.5,62.2,3,-2,40.5,-13,16,4,0,0,11,1,0,0,0,91,14,0,100,2,0,0,0
2017,New York Empire,Weng F,9,3,24.5,24.1,17,13,7.5,0,16,3,0,4,13,0,0,0,0,100,15,0,100,2,0,0,0
2017,New York Empire,Wiener M,7,4,55.5,77.5,48,16,7.5,2,27,6,0,0,21,2,0,0,0,90,27,0,100,3,0,0,0
2017,New York Empire,Wodatc J,6,8,191,282.4,82,30,109,-19,149,8,0,8,141,12,0,0,0,91,118,2,98,4,80,6.7,5
2017,New York Empire,Ye R,-1,1,4,2.8,0,0,4,-4,0,0,0,0,0,0,0,0,0,0,0,1,0,0,0,0,0
2017,New York Empire,AVERAGE,8.6,5.3,80.1,,37.9,13.2,42.3,-9.3,72.5,5.4,0,5.4,66.9,5.3,0.1,0,0,87.6,60.8,0.8,92.7,3.9,5.5,,0.4
2017,New York Empire,TOTAL,,,,,,,,,2465,185,0,185,2276,179,4,0,0,,2066,27,,132,186,,12
2017,Ottawa Outlaws,Alec A,47,8,172.5,224.7,151,59,21.5,-11,129,40,0,13,89,11,0,0,0,88,127,2,98,7,0,0,0
2017,Ottawa Outlaws,Andy O,20,10,250.5,327.2,232.5,71,18,-3,188,12,0,17,176,12,0,0,0,93,181,2,99,5,0,0,0
2017,Ottawa Outlaws,Anonymous,-2,0,0,0,0,0,0,0,1,0,0,0,11,2,0,0,0,82,1,0,100,0,1,1.1,0
2017,Ottawa Outlaws,Bevan,-3,7,84.5,101.4,10.5,-4,74,-49,34,1,0,1,32,4,0,0,0,88,25,1,96,0,21,7,3
2017,Ottawa Outlaws,Carson T,2,9,142.5,168.8,22,-6,120.5,-71,50,1,0,6,49,8,0,0,0,84,39,0,100,3,12,6.2,1
2017,Ottawa Outlaws,Colin F,4,6,52.5,54.9,2,-2,50.5,-27,11,1,0,0,10,1,0,0,0,90,8,0,100,4,0,0,0
2017,Ottawa Outlaws,Cooper B,2,6,80,115.9,15.5,-6,64.5,-33,40,1,0,3,39,4,0,0,0,90,21,2,91,4,0,0,0
2017,Ottawa Outlaws,Craig F,-4,3,21,33.9,4,-1,17,-10,7,0,0,0,7,5,0,0,0,29,5,0,100,1,1,7.7,0
2017,Ottawa Outlaws,Dave H,3,5,120,133.1,50,11,70,-42,108,3,0,11,102,15,0,0,0,85,77,0,100,4,29,6.8,4
2017,Ottawa Outlaws,Derek A,5,8,205.5,271.1,198.5,61,7,-1,387,6,0,34,383,35,2,0,0,90,272,1,100,3,0,0,0
2017,Ottawa Outlaws,DJ,7,5,67.5,76.9,66,26,1.5,0,82,4,0,2,78,3,0,0,0,96,51,0,100,4,0,0,0
2017,Ottawa Outlaws,Erik H,5,10,142.5,169.1,22,-10,120.5,-75,53,2,0,5,51,4,2,0,0,88,32,1,97,5,22,5.6,0
2017,Ottawa Outlaws,Jason D,4,3,43,56.7,9,-2,34,-21,9,3,0,0,6,1,0,0,0,83,7,1,88,3,0,0,0
2017,Ottawa Outlaws,Jeremy H,5,4,79.5,108.7,65,8,14.5,-5,52,9,0,1,43,6,2,0,0,81,51,4,93,7,0,0,0
2017,Ottawa Outlaws,Jordan M,14,9,156.5,197.9,29.5,1,127,-66,53,10,0,3,41,3,0,0,0,93,51,4,93,8,1,4.5,0
2017,Ottawa Outlaws,Ken,12,7,122,175.3,117.5,30,4.5,-1,106,9,0,10,97,7,0,0,0,93,94,3,97,3,0,0,0
2017,Ottawa Outlaws,Khalid,4,3,26,37,2,-3,24,-13,5,1,0,0,4,0,0,0,0,100,5,0,100,3,0,0,0
2017,Ottawa Outlaws,Kinley G,1,6,148,198.8,141.5,59,6.5,-2,247,6,0,19,239,23,2,0,0,90,181,4,98,5,0,0,0
2017,Ottawa Outlaws,Kyle,4,3,27,51.1,2.5,-2,24.5,-7,8,2,0,1,6,1,0,0,0,83,8,0,100,2,0,0,0
2017,Ottawa Outlaws,Laurent,24,7,131,187.5,106,29,25,-4,92,23,0,5,68,7,0,0,0,90,91,3,97,6,0,0,0
2017,Ottawa Outlaws,Luca M,7,4,98.5,122.2,92.5,39,6,-4,118,6,0,11,111,9,0,0,0,92,87,3,97,2,1,5.4,0
2017,Ottawa Outlaws,Léon FN,15,9,175.5,228.6,164,48,11.5,0,126,15,0,10,111,9,1,0,0,91,125,3,98,3,0,0,0
2017,Ottawa Outlaws,Matt OB,10,7,97.5,121.1,5.5,-1,92,-49,21,6,0,1,15,0,0,0,0,100,20,1,95,4,0,0,0
2017,Ottawa Outlaws,Mike L,-1,2,5,9.4,4,2,1,-1,4,0,0,0,4,1,0,0,0,75,4,0,100,0,0,0,0
2017,Ottawa Outlaws,Nick B,5,10,244,308.7,101.5,5,142.5,-68,227,8,0,18,217,32,0,0,0,85,142,3,98,14,105,6.1,12
2017,Ottawa Outlaws,Owen W,-4,4,56.5,82.2,16,-3,40.5,-21,17,1,0,1,16,2,1,0,0,81,17,3,85,0,1,3.3,0
2017,Ottawa Outlaws,Paul M,10,9,107.5,135.4,9.5,-2,98,-44,13,6,0,1,7,0,0,0,0,100,12,1,92,4,0,0,0
2017,Ottawa Outlaws,Paul R,12,5,118.5,139.9,102,42,16.5,-8,70,7,0,9,63,5,0,0,0,92,69,2,97,3,0,0,0
2017,Ottawa Outlaws,Pierre L,10,8,110.5,139.8,9.5,-6,101,-46,43,4,0,5,38,4,0,0,0,89,38,0,100,5,9,6.7,0
2017,Ottawa Outlaws,Russ N,7,9,146.5,184.8,68.5,10,78,-26,92,10,0,3,81,9,0,0,0,89,87,2,98,5,0,0,0
2017,Ottawa Outlaws,Scott,4,7,141,171.7,76.5,13,64.5,-33,162,9,0,7,151,10,0,0,0,93,124,2,98,0,0,0,0
2017,Ottawa Outlaws,Tyler S,6,8,116.5,159.9,15.5,-3,101,-50,50,0,0,9,50,5,0,0,0,90,43,4,91,6,0,0,0
2017,Ottawa Outlaws,AVERAGE,7.3,6.3,109,,59.8,14.5,49.3,-24.7,81.4,6.4,0,6.4,74.8,7.4,0.3,0,0,87.3,65.5,1.6,96.8,3.8,6.3,,0.6
2017,Ottawa Outlaws,TOTAL,,,,,,,,,2605,206,0,206,2395,238,10,0,0,,2095,52,,123,203,,20
2017,Philadelphia Phoenix,Aaron,1,3,26,39.3,5,0,21,-13,13,0,0,0,13,0,0,0,0,100,11,0,100,1,5,4.2,0
2017,Philadelphia Phoenix,Andrew M,1,7,84,105.1,78,15,6,-1,61,3,0,5,57,9,0,0,0,84,52,2,96,4,0,0,0
2017,Philadelphia Phoenix,Anonymous,1,0,0,0,0,0,0,0,5,0,0,3,13,2,0,0,0,85,4,0,100,0,0,0,2
2017,Philadelphia Phoenix,Arcata,29,9,177.5,242,148.5,52,29,-20,134,23,0,19,110,16,0,0,0,85,123,1,99,4,2,3,0
2017,Philadelphia Phoenix,Bobby,1,5,57,70,12.5,0,44.5,-18,22,2,0,3,20,5,0,0,0,75,21,0,100,1,2,1.5,0
2017,Philadelphia Phoenix,Brownlee,38,12,246.5,341.4,114,31,132.5,-64,114,25,0,15,89,17,0,0,0,81,99,3,97,18,80,5.7,21
2017,Philadelphia Phoenix,Cannon,-1,9,130,152.9,47,9,83,-46,87,3,0,3,85,6,0,0,0,93,64,2,97,1,5,5.4,2
2017,Philadelphia Phoenix,Casey,-1,4,51,46.5,11,3,40,-25,24,0,0,0,23,1,0,0,0,96,18,0,100,0,1,1.8,0
2017,Philadelphia Phoenix,Colin,2,4,44.5,40.1,15.5,0,29,-20,6,2,0,0,4,1,0,0,0,75,6,0,100,1,0,0,0
2017,Philadelphia Phoenix,Esser,17,11,196,262.4,42,4,154,-54,89,3,0,11,85,5,0,0,0,94,65,1,98,9,5,3.9,1
2017,Philadelphia Phoenix,Forster,-10,7,109.5,145.4,76.5,14,33,-14,91,2,0,4,89,13,0,0,0,85,60,4,94,1,2,3.8,0
2017,Philadelphia Phoenix,Hoehne,38,12,242,331.3,217.5,60,24.5,-3,200,30,0,19,169,16,0,0,0,91,188,1,99,6,1,4.7,1
2017,Philadelphia Phoenix,Huels,5,5,51.5,58.3,9,0,42.5,-25,11,2,0,1,9,1,0,0,0,89,11,0,100,3,21,6,2
2017,Philadelphia Phoenix,Kdubs,8,8,83,94.9,37,12,46,-21,34,7,0,4,27,2,0,0,0,93,30,3,91,2,1,4.5,0
2017,Philadelphia Phoenix,Mac,-1,4,49.5,49.1,13,1,36.5,-26,26,0,0,0,26,2,0,0,0,92,17,0,100,1,0,0,0
2017,Philadelphia Phoenix,Magerr,0,1,7.5,8.4,0.5,-1,7,-3,2,0,0,0,2,0,0,0,0,100,2,0,100,0,0,0,0
2017,Philadelphia Phoenix,Martin,31,12,229,297.9,52.5,8,176.5,-82,79,21,0,7,58,6,0,0,0,90,75,3,96,12,85,6,2
2017,Philadelphia Phoenix,Mott,44,12,310.5,445.6,259,68,51.5,-12,336,34,0,46,300,35,0,0,0,88,304,7,98,6,2,2.6,0
2017,Philadelphia Phoenix,Nard,15,12,191.5,245.2,22,-6,169.5,-77,52,9,0,4,42,4,0,0,0,90,47,1,98,7,0,0,0
2017,Philadelphia Phoenix,Nelson,13,5,93,140.6,57,11,36,-25,58,6,0,2,50,1,0,0,0,98,50,0,100,6,0,0,0
2017,Philadelphia Phoenix,Patten,-1,5,47,64.6,18,2,29,-17,31,0,0,3,31,4,0,0,0,87,23,0,100,0,0,0,0
2017,Philadelphia Phoenix,Paul K,0,8,145.5,200.3,133.5,43,12,0,186,3,0,6,181,11,0,0,0,94,134,2,99,4,0,0,0
2017,Philadelphia Phoenix,Poole,9,8,135.5,162.6,51.5,24,84,-34,126,3,0,12,122,8,0,0,0,93,82,2,98,4,7,5.8,0
2017,Philadelphia Phoenix,Quinn H,16,8,127,196.6,92.5,20,34.5,-12,122,15,0,11,105,14,0,0,0,87,116,1,99,5,0,0,0
2017,Philadelphia Phoenix,Roman,6,5,54.5,64.1,14.5,-1,40,-18,13,4,0,2,9,3,0,0,0,67,10,0,100,3,0,0,0
2017,Philadelphia Phoenix,Rosso,-1,10,154,203.3,26,7,128,-62,73,3,0,4,65,5,0,0,0,92,67,3,96,0,0,0,0
2017,Philadelphia Phoenix,Ryan B,9,11,154.5,187.4,54,11,100.5,-60,58,12,0,3,46,7,0,0,0,85,56,2,97,3,2,4.9,0
2017,Philadelphia Phoenix,Scottie,26,10,253,361.4,162,41,91,-52,286,13,0,22,273,18,1,0,0,93,223,1,100,11,1,0,0
2017,Philadelphia Phoenix,Spiva,-4,7,183,270,144.5,43,38.5,-11,314,3,0,28,311,38,0,0,0,88,237,0,100,3,16,7.1,1
2017,Philadelphia Phoenix,StNg,3,12,186,221.3,39.5,2,146.5,-74,114,4,0,6,110,12,0,0,0,89,80,1,99,6,1,5.3,0
2017,Philadelphia Phoenix,Sullivan,5,8,139,166.8,108.5,48,30.5,-13,88,11,0,0,78,6,0,0,0,92,67,2,97,2,0,0,0
2017,Philadelphia Phoenix,Trey,15,10,211.5,285.9,185,60,26.5,-1,245,8,0,8,236,2,1,0,0,99,180,2,99,4,0,0,0
2017,Philadelphia Phoenix,AVERAGE,9.8,7.6,130.3,,70.2,18.2,60.1,-28.2,96.9,7.8,0,7.8,88.7,8.4,0.1,0,0,89.1,78.8,1.4,98.3,4,7.5,,1
2017,Philadelphia Phoenix,TOTAL,,,,,,,,,3100,251,0,251,2838,270,2,0,0,,2522,44,,128,239,,32
2017,Pittsburgh Thunderbirds,Akyuz T,2,1,18,26.4,16.5,8,1.5,0,20,5,0,0,16,3,0,0,0,81,20,0,100,0,0,0,0
2017,Pittsburgh Thunderbirds,Anonymous,-5,0,0,0,0,0,0,0,3,0,0,0,7,5,0,0,0,29,0,0,0,0,3,2.9,1
2017,Pittsburgh Thunderbirds,Beards E,20,11,227.5,294.6,186.5,86,41,3,93,18,0,1,74,4,0,0,0,95,91,4,96,9,1,5,0
2017,Pittsburgh Thunderbirds,Buss A,0,2,26,27.4,7,5,19,-19,9,0,0,0,8,2,0,0,0,75,5,0,100,2,1,2.3,0
2017,Pittsburgh Thunderbirds,Byrnes Z,0,1,7.5,16.5,0,0,7.5,-2,1,0,0,0,1,0,0,0,0,100,1,0,100,0,1,5.9,0
2017,Pittsburgh Thunderbirds,"Crowe, A",1,2,15.5,23.6,0,0,15.5,-5,2,1,0,0,1,0,0,0,0,100,2,0,100,0,0,0,0
2017,Pittsburgh Thunderbirds,DeAmic J,10,8,125,143.1,19,-1,106,-42,20,4,0,4,14,0,0,0,0,100,20,2,91,4,4,2.4,0
2017,Pittsburgh Thunderbirds,DeGiro T,18,3,72.5,92.7,58,27,14.5,6,63,16,0,8,46,4,0,0,0,91,62,3,95,1,0,0,0
2017,Pittsburgh Thunderbirds,Devarj V,0,1,7.5,16.5,0,0,7.5,-2,1,0,0,0,2,0,0,0,0,100,1,0,100,0,0,0,0
2017,Pittsburgh Thunderbirds,Earles P,20,8,190.5,243.6,159.5,66,31,17,325,13,0,45,321,32,2,0,0,89,251,7,97,3,2,5.2,0
2017,Pittsburgh Thunderbirds,Edmond T,6,4,65,89.8,38,15,27,-9,85,2,0,6,83,5,0,0,0,94,74,1,99,4,1,3.9,0
2017,Pittsburgh Thunderbirds,Evans J,6,5,64,67.8,4.5,0,59.5,-27,16,2,0,3,13,0,1,0,0,92,16,0,100,2,2,6.6,4
2017,Pittsburgh Thunderbirds,Fedore M,35,9,208.5,289.6,153.5,75,55,3,195,28,1,20,165,13,1,0,0,92,188,2,99,3,4,5.6,0
2017,Pittsburgh Thunderbirds,Furdel K,18,9,183,223.8,41.5,4,141.5,-59,121,11,0,5,107,6,0,0,0,94,94,2,98,10,2,5.6,0
2017,Pittsburgh Thunderbirds,Gardne A,3,1,7.5,16.5,0,0,7.5,-2,5,2,0,0,3,0,0,0,0,100,5,0,100,1,0,0,0
2017,Pittsburgh Thunderbirds,Giglio N,7,8,117,139.1,14.5,1,102.5,-60,23,5,0,2,17,0,0,0,0,100,21,2,91,2,1,3.5,0
2017,Pittsburgh Thunderbirds,Hammon P,4,6,95,118.4,31.5,12,63.5,-38,51,6,0,1,45,4,0,0,0,91,41,1,98,2,24,5.2,0
2017,Pittsburgh Thunderbirds,Heffer J,4,6,71,97.5,5.5,-1,65.5,-35,14,3,0,0,8,3,0,0,0,63,14,0,100,4,0,0,0
2017,Pittsburgh Thunderbirds,Marmer J,13,8,155.5,217.5,122.5,58,33,-1,320,7,0,21,316,15,2,0,0,95,254,1,100,3,1,0,0
2017,Pittsburgh Thunderbirds,Mast J,22,11,211,292.9,183.5,90,27.5,14,385,8,0,23,377,15,0,0,0,96,273,2,99,8,0,0,0
2017,Pittsburgh Thunderbirds,Maxsta X,-1,11,204.5,242.2,62.5,13,142,-59,209,2,0,18,206,25,0,0,0,88,112,1,99,5,84,5.4,5
2017,Pittsburgh Thunderbirds,Mogiel S,7,10,145.5,177.6,62.5,32,83,-39,60,9,0,3,50,5,0,0,0,90,59,5,92,5,13,5.4,0
2017,Pittsburgh Thunderbirds,Morgen C,9,4,65.5,84,8.5,0,57,-21,22,4,0,3,18,1,0,0,0,94,19,1,95,4,0,0,0
2017,Pittsburgh Thunderbirds,Repper A,37,11,239.5,321.5,105,29,134.5,-45,133,18,1,9,109,16,1,0,0,84,122,0,100,27,19,5.5,0
2017,Pittsburgh Thunderbirds,Robarg J,1,4,46,59.9,2,-2,44,-24,29,0,0,1,28,2,0,0,0,93,20,0,100,2,2,4.6,0
2017,Pittsburgh Thunderbirds,Rovner J,13,7,107,131.1,25,8,82,-46,28,8,0,3,19,4,0,0,0,79,25,2,93,8,1,7.3,0
2017,Pittsburgh Thunderbirds,Sheppa M,11,5,103.5,126.5,65,27,38.5,-4,80,12,0,5,67,8,0,0,0,88,70,1,99,3,24,5.5,0
2017,Pittsburgh Thunderbirds,Slevin J,-3,3,56,72.8,44,16,12,2,89,2,0,2,87,7,0,0,0,92,69,0,100,0,0,0,0
2017,Pittsburgh Thunderbirds,Smith I,1,8,96.5,121.5,15,-2,81.5,-32,43,3,0,3,37,3,0,0,0,92,34,2,94,0,1,2.7,0
2017,Pittsburgh Thunderbirds,Thomas A,10,4,66.5,92.1,7.5,-4,59,-32,10,3,0,1,7,0,0,0,0,100,9,0,100,6,1,1.3,0
2017,Pittsburgh Thunderbirds,Thorne M,47,8,189,244.8,159.5,76,29.5,14,332,24,0,34,315,16,0,0,0,95,301,0,100,5,0,0,0
2017,Pittsburgh Thunderbirds,Towle J,4,5,76.5,95,32,3,44.5,-16,31,5,0,1,26,3,0,0,0,88,31,2,94,3,0,0,0
2017,Pittsburgh Thunderbirds,Tranqu D,12,6,86,117,7.5,-2,78.5,-26,9,3,0,0,6,1,0,0,0,83,8,1,89,11,1,6,0
2017,Pittsburgh Thunderbirds,Trimbl S,9,6,115.5,143.3,73.5,29,42,-3,41,6,1,4,35,3,0,0,0,91,39,6,87,8,0,0,0
2017,Pittsburgh Thunderbirds,Tsung J,-3,6,65,73.2,2,-1,63,-25,12,0,0,0,11,3,0,0,0,73,9,0,100,0,0,0,0
2017,Pittsburgh Thunderbirds,VanDus S,12,5,114.5,151.5,28,11,86.5,-20,94,7,0,22,85,19,1,0,0,76,75,2,97,5,69,5.8,6
2017,Pittsburgh Thunderbirds,Vatz D,15,4,71.5,114.9,64,41,7.5,4,47,14,0,3,33,1,0,0,0,97,47,1,98,0,0,0,0
2017,Pittsburgh Thunderbirds,Watson A,7,3,47.5,67.8,19,7,28.5,-12,23,6,0,1,17,2,0,0,0,88,22,0,100,2,0,0,0
2017,Pittsburgh Thunderbirds,Wissel T,9,3,49.5,56,30.5,23,19,-9,73,2,0,4,70,0,0,0,0,100,57,0,100,3,0,0,0
2017,Pittsburgh Thunderbirds,AVERAGE,9.8,5.6,97.8,,47.6,19.2,50.2,-16.7,79.9,6.6,0.1,6.6,73.1,5.9,0.2,0,0,88.9,65.7,1.3,94.9,4,6.7,,0.4
2017,Pittsburgh Thunderbirds,TOTAL,,,,,,,,,3117,259,3,256,2850,230,8,0,0,,2561,51,,155,262,,16
2017,Raleigh Flyers,AllenJus,49,12,281,380.4,108,54,173,-45,230,21,0,32,207,14,0,1,0,93,196,3,98,14,96,6,11
2017,Raleigh Flyers,AllenKir,1,4,49.5,59.3,42,30,7.5,-2,67,2,0,2,64,2,1,0,0,95,43,0,100,0,0,0,0
2017,Raleigh Flyers,Anonymous,-1,0,0,0,0,0,0,0,90,0,0,1,95,3,0,0,0,97,76,0,100,1,17,0,1
2017,Raleigh Flyers,BodeMatt,38,10,230.5,311.9,180,113,50.5,2,261,32,0,15,228,10,0,0,0,96,235,2,99,3,1,0,1
2017,Raleigh Flyers,CaseyBri,11,10,134.5,179.9,125.5,69,9,1,198,9,0,14,188,12,0,0,0,94,144,1,99,1,0,0,0
2017,Raleigh Flyers,DieterBe,11,7,125,161.1,116,55,9,1,113,8,0,8,104,2,0,0,0,98,112,3,97,0,0,0,0
2017,Raleigh Flyers,FairfaxJ,47,9,204,244.9,164.5,91,39.5,-13,129,29,0,9,97,1,1,0,0,98,127,2,98,13,0,0,0
2017,Raleigh Flyers,GoffNate,26,11,191.5,275.8,17,-3,174.5,-38,60,8,0,6,52,0,0,0,0,100,51,2,96,14,1,0,0
2017,Raleigh Flyers,GreenTri,7,9,126.5,150.8,11,0,115.5,-49,99,2,0,17,97,13,0,0,0,87,63,0,100,1,52,5.9,5
2017,Raleigh Flyers,HartzogJ,9,11,173,208.9,8.5,-3,164.5,-50,59,9,0,6,49,6,0,0,0,88,57,0,100,0,51,6.5,2
2017,Raleigh Flyers,HastinJD,3,2,31.5,37,1,1,30.5,3,34,1,0,2,33,0,0,0,0,100,28,0,100,0,0,0,0
2017,Raleigh Flyers,HeltonGo,25,7,152.5,193.4,141.5,67,11,2,163,16,0,26,147,18,0,0,0,88,149,4,97,5,0,0,0
2017,Raleigh Flyers,HoodMica,2,8,120,155,14.5,0,105.5,-34,50,3,0,4,46,6,0,0,0,87,44,3,94,4,3,7,2
2017,Raleigh Flyers,HoweyEva,9,10,134,193.3,15,1,119,-30,88,4,0,3,84,3,0,0,0,96,72,0,100,5,4,6.4,0
2017,Raleigh Flyers,LiebermJ,0,2,17,27.7,15,3,2,0,17,0,0,1,17,0,0,0,0,100,10,1,91,0,0,0,0
2017,Raleigh Flyers,LinMark,3,6,71,81.3,13,1,58,-13,38,1,0,4,36,6,0,0,0,83,34,0,100,4,0,0,1
2017,Raleigh Flyers,MatzukaB,1,4,90,108,6.5,2,83.5,-28,99,1,0,2,98,3,0,0,0,97,76,0,100,1,1,4.6,0
2017,Raleigh Flyers,McAllisT,15,7,135.5,201.4,17.5,-2,118,-37,47,8,0,7,35,6,0,0,0,83,41,4,91,10,19,6.1,0
2017,Raleigh Flyers,MitchelT,25,12,205,262.4,191,117,14,10,188,27,0,9,161,6,1,0,0,96,187,5,97,1,0,0,0
2017,Raleigh Flyers,MouwJaco,12,5,70.5,92.8,58.5,44,12,0,48,12,0,0,36,1,0,0,0,97,47,0,100,1,0,0,0
2017,Raleigh Flyers,MunizCha,9,6,75,85.8,1,1,74,-28,34,3,0,1,27,0,0,0,0,100,30,0,100,5,0,0,0
2017,Raleigh Flyers,NethercJ,49,9,229,300.7,179.5,92,49.5,-6,460,11,0,60,454,25,0,0,0,94,366,0,100,3,8,6.9,1
2017,Raleigh Flyers,NordgreJ,24,11,178,234.4,17,-1,161,-50,89,16,0,6,70,5,1,0,0,91,84,1,99,9,0,0,0
2017,Raleigh Flyers,PannoneM,22,10,145.5,184.7,20,7,125.5,-35,40,11,0,5,28,2,0,0,0,93,38,2,95,10,0,0,0
2017,Raleigh Flyers,RichardD,33,10,160.5,209.3,16,-9,144.5,-27,46,15,0,4,31,0,0,0,0,100,43,1,98,15,0,0,0
2017,Raleigh Flyers,SaulNoah,31,11,249,336.1,176.5,96,72.5,-19,421,21,0,26,399,21,0,0,0,95,350,2,99,7,16,6.4,1
2017,Raleigh Flyers,SchmittD,9,7,98,137.5,2,-3,96,-29,29,5,0,2,23,1,0,0,0,96,27,1,96,4,0,0,0
2017,Raleigh Flyers,SearlesL,9,4,63,83,4,1,59,-14,57,2,0,4,55,2,0,0,0,96,44,0,100,5,21,6.1,1
2017,Raleigh Flyers,SiscoSha,20,8,140,192.5,35.5,18,104.5,-25,84,18,0,3,66,3,0,0,0,95,83,0,100,2,0,0,0
2017,Raleigh Flyers,SnokeDav,9,10,163.5,217.1,158.5,85,5,5,364,8,0,23,358,23,1,0,0,93,284,2,99,4,0,0,0
2017,Raleigh Flyers,TaylorHu,13,5,85.5,116.5,17.5,0,68,-26,28,4,0,2,25,3,0,0,0,88,23,3,88,13,5,5.6,1
2017,Raleigh Flyers,WilliamJ,3,1,14.5,23.4,12.5,11,2,0,25,1,0,3,23,1,0,0,0,96,24,0,100,0,0,0,0
2017,Raleigh Flyers,WilsonMa,2,3,27,31.9,0,0,27,-6,10,1,1,0,9,0,0,0,0,100,9,0,100,1,6,0,1
2017,Raleigh Flyers,YanuckSo,2,1,17.5,32.5,7.5,2,10,0,25,1,0,2,23,1,0,0,0,96,21,0,100,0,0,0,0
2017,Raleigh Flyers,AVERAGE,15.5,7.1,123.2,,55.7,27.6,67.5,-17.1,111.5,9.1,0,9.1,101.9,5.9,0.1,0,0,94.3,94.6,1.2,98,4.6,8.9,,0.8
2017,Raleigh Flyers,TOTAL,,,,,,,,,3790,310,1,309,3465,199,5,1,0,,3218,42,,156,301,,28
2017,San Diego Growlers,Anonymous,-1,0,0,0,0,0,0,0,1,0,0,1,15,2,0,0,0,87,1,0,100,0,0,0,0
2017,San Diego Growlers,Bacon,21,8,177,239,52.5,7,124.5,-51,102,12,0,6,86,3,0,0,0,97,85,2,98,8,2,7,0
2017,San Diego Growlers,Bellinge,12,10,177.5,232.2,27,5,150.5,-62,115,2,0,13,110,7,0,0,0,94,78,1,99,5,143,5.7,4
2017,San Diego Growlers,Bellissi,3,7,60,103,9,4,51,-23,15,1,0,0,14,3,0,0,0,79,14,1,93,6,1,4.8,0
2017,San Diego Growlers,Bridges,14,9,170.5,250.7,44.5,11,126,-62,167,9,0,11,155,11,0,0,0,93,119,1,99,6,2,5.9,0
2017,San Diego Growlers,Cohen,36,11,201,342,178,77,23,9,239,17,0,26,222,13,0,0,0,94,222,3,99,9,0,0,0
2017,San Diego Growlers,Corbett,49,10,240.5,380.6,194.5,77,46,-3,333,32,0,30,302,20,1,0,0,93,302,3,99,11,1,5.5,0
2017,San Diego Growlers,Dunn,28,10,236.5,375.1,159.5,60,77,-27,236,27,0,18,208,20,1,0,0,90,226,1,100,5,1,1.5,0
2017,San Diego Growlers,Fontaine,4,3,32,33.3,0.5,-1,31.5,-23,7,2,0,2,4,0,0,0,0,100,7,0,100,0,0,0,0
2017,San Diego Growlers,Griffin,1,2,32,32.6,19,3,13,-6,29,1,0,3,27,3,0,0,0,89,21,0,100,0,1,5.1,0
2017,San Diego Growlers,Ham,49,11,239,350.3,214,82,25,4,204,36,0,13,167,3,0,0,0,98,202,2,99,5,0,0,0
2017,San Diego Growlers,Hume,17,10,190,263,116.5,46,73.5,-25,182,19,0,10,163,12,0,0,0,93,182,2,99,2,0,0,0
2017,San Diego Growlers,Ivers,16,11,224,352.2,185.5,80,38.5,-1,368,6,0,31,362,20,0,0,0,94,242,4,98,3,6,6.6,0
2017,San Diego Growlers,Kohl,3,7,88,137.2,28.5,15,59.5,-15,78,5,0,3,72,6,0,0,0,92,63,0,100,1,0,0,0
2017,San Diego Growlers,Leggio,21,11,292.5,441.8,207,81,85.5,-26,567,10,0,19,561,14,0,0,0,98,485,2,100,8,0,0,0
2017,San Diego Growlers,Milardov,25,11,244,345.4,49.5,9,194.5,-71,162,7,0,14,153,15,0,0,0,90,136,2,99,21,76,5.9,3
2017,San Diego Growlers,Minyen,1,1,10,16.3,0,0,10,-4,0,0,0,0,0,0,0,0,0,0,0,0,0,1,0,0,0
2017,San Diego Growlers,Page,27,11,201.5,278.6,22.5,-2,179,-77,74,9,0,8,62,9,0,0,0,85,61,0,100,19,8,6.1,2
2017,San Diego Growlers,Parisi,13,10,167.5,263,146.5,54,21,7,144,12,0,11,132,10,0,0,0,92,143,2,99,2,0,0,0
2017,San Diego Growlers,Purdy,25,11,179.5,286.8,89,17,90.5,-35,85,15,0,10,70,8,0,0,0,89,84,1,99,9,1,5.5,0
2017,San Diego Growlers,Ritchie,1,3,28,41,1,1,27,-13,5,1,0,0,4,0,0,0,0,100,5,0,100,0,0,0,0
2017,San Diego Growlers,Rubin,0,1,6.5,5.5,0,0,6.5,-6,0,0,0,0,0,0,0,0,0,0,0,0,0,0,0,0,0
2017,San Diego Growlers,Silverma,10,11,181,258.8,6.5,-9,174.5,-74,51,6,0,3,44,2,0,0,0,95,51,1,98,4,0,0,0
2017,San Diego Growlers,Slader,0,4,51,64.1,3.5,-1,47.5,-26,8,2,0,0,6,1,0,0,0,83,8,1,89,0,9,5.3,1
2017,San Diego Growlers,Slaughte,1,5,73,111.3,67,6,6,-2,47,2,0,0,46,2,0,0,0,96,23,2,92,3,0,0,0
2017,San Diego Growlers,Smith,-8,10,152.5,234.6,89,20,63.5,-27,161,2,0,16,157,24,0,0,0,85,112,5,96,3,12,4.8,0
2017,San Diego Growlers,Smith Ky,4,5,54,81.8,3.5,-2,50.5,-20,7,1,0,2,6,1,0,0,0,83,6,1,86,3,0,0,0
2017,San Diego Growlers,Tran,2,5,52,77.8,0,0,52,-27,23,0,0,1,20,0,0,0,0,100,22,0,100,1,0,0,0
2017,San Diego Growlers,Turner,1,2,18.5,21.5,0,0,18.5,-7,6,1,0,0,5,0,0,0,0,100,6,0,100,0,0,0,0
2017,San Diego Growlers,Wu,16,9,134,192.9,67,16,67,-35,70,15,0,3,55,1,0,0,0,98,70,1,99,0,0,0,0
2017,San Diego Growlers,Zid,2,1,11,13.5,8.5,2,2.5,0,6,2,0,0,4,0,0,0,0,100,6,0,100,0,0,0,0
2017,San Diego Growlers,AVERAGE,12.7,7.1,126.6,,64.2,21.2,62.4,-23.5,112.6,8.2,0,8.2,104.3,6.8,0.1,0,0,86.7,96.2,1.2,91.6,4.4,8.5,,0.3
2017,San Diego Growlers,TOTAL,,,,,,,,,3492,254,0,254,3232,210,2,0,0,,2982,38,,135,263,,10
2017,San Diego Growlers,Anonymous,-1,0,0,0,0,0,0,0,8,0,0,0,20,0,0,0,0,100,7,1,88,0,0,0,0
2017,San Francisco FlameThrowers,Baylis,22,9,197.5,250.9,133.5,69,64,-18,245,9,0,14,235,9,0,0,0,96,171,0,100,8,1,7,0
2017,San Francisco FlameThrowers,Beau,16,7,129.5,139.2,112,62,17.5,0,127,9,0,11,119,7,0,0,0,94,117,3,98,6,1,5.1,0
2017,San Francisco FlameThrowers,Cahill,2,2,17,14.7,1,0,16,-5,4,0,0,2,4,0,0,0,0,100,1,0,100,0,0,0,0
2017,San Francisco FlameThrowers,Cass,54,9,235.5,279.2,184.5,107,51,-5,304,24,0,48,277,24,1,0,0,91,246,2,99,9,10,8.4,0
2017,San Francisco FlameThrowers,Cocks,11,8,181.5,217.1,48,12,133.5,-54,61,8,0,8,53,10,0,0,0,81,54,4,93,9,0,0,0
2017,San Francisco FlameThrowers,Cohen,37,10,231.5,258.3,42.5,5,189,-92,86,22,0,15,61,8,0,0,0,87,76,3,96,11,85,4.8,0
2017,San Francisco FlameThrowers,Dallmann,31,10,262,321.1,136.5,50,125.5,-42,241,20,0,29,221,29,0,0,0,87,178,2,99,13,15,5.3,0
2017,San Francisco FlameThrowers,Davis,56,11,301.5,358.1,186,97,115.5,-32,129,31,0,18,101,11,0,0,0,89,121,3,98,21,0,0,0
2017,San Francisco FlameThrowers,Evang,4,1,19.5,15.6,1.5,1,18,-3,8,0,0,2,8,0,0,0,0,100,6,0,100,2,0,0,0
2017,San Francisco FlameThrowers,Givol,12,9,162.5,198.2,13.5,-3,149,-56,88,5,0,6,80,7,0,0,0,91,63,1,98,9,1,3.2,0
2017,San Francisco FlameThrowers,Hagen,3,5,95,108.7,4.5,3,90.5,-26,27,1,0,0,26,4,0,0,0,85,22,0,100,6,2,4.7,0
2017,San Francisco FlameThrowers,Johnson,5,1,32,42.4,25.5,6,6.5,0,27,5,0,2,22,1,0,0,0,95,26,2,93,1,1,1.3,0
2017,San Francisco FlameThrowers,Joye,-1,1,31,35,28,13,3,2,51,0,0,3,51,4,0,0,0,92,42,0,100,0,0,0,0
2017,San Francisco FlameThrowers,Kanner,6,5,127,146.7,40,24,87,-23,76,6,0,9,71,10,0,0,0,86,62,1,98,2,45,6.1,1
2017,San Francisco FlameThrowers,Kerns,24,5,129.5,164,100,51,29.5,1,154,13,0,20,136,15,0,0,0,89,98,0,100,6,8,6.9,0
2017,San Francisco FlameThrowers,Kirkland,10,9,158.5,170,10,-2,148.5,-57,65,3,0,7,62,2,0,0,0,97,38,1,97,3,120,7.6,7
2017,San Francisco FlameThrowers,Lim,20,8,176,215.3,150,86,26,-2,142,19,0,11,124,13,1,0,0,89,123,0,100,4,0,0,0
2017,San Francisco FlameThrowers,Lindsley,11,2,53.5,56.9,48,41,5.5,3,52,6,0,6,45,1,0,0,0,98,44,0,100,0,0,0,0
2017,San Francisco FlameThrowers,Liu,4,6,91,114,7.5,-2,83.5,-34,29,4,0,0,22,3,0,0,0,86,27,0,100,3,0,0,0
2017,San Francisco FlameThrowers,Marcelo,54,11,314,382.2,258.5,141,55.5,9,211,33,0,27,173,12,0,0,0,93,196,2,99,8,0,0,0
2017,San Francisco FlameThrowers,Marcy,22,4,113.5,129,101.5,51,12,2,129,15,0,6,112,4,0,0,0,96,93,1,99,6,1,8.7,0
2017,San Francisco FlameThrowers,Miller S,1,2,16,13.9,0,0,16,-4,4,1,0,0,3,0,0,0,0,100,4,0,100,0,0,0,0
2017,San Francisco FlameThrowers,Petersen,17,9,169,187.4,18,2,151,-54,53,8,0,7,45,3,0,0,0,93,42,0,100,5,0,0,0
2017,San Francisco FlameThrowers,Reinhart,3,6,81.5,89.2,6.5,0,75,-31,9,2,0,1,7,0,0,0,0,100,9,0,100,0,0,0,0
2017,San Francisco FlameThrowers,Rico,0,1,11,9.4,1,-1,10,-6,2,1,0,0,1,0,0,0,0,100,2,1,67,0,1,3,0
2017,San Francisco FlameThrowers,Schlacht,30,5,137,158.4,123.5,78,13.5,-2,216,23,0,14,193,5,0,0,0,97,168,3,98,1,0,0,0
2017,San Francisco FlameThrowers,Spear,6,6,107.5,124.8,57,28,50.5,-17,53,3,0,10,48,8,0,0,0,83,49,1,98,2,1,6,0
2017,San Francisco FlameThrowers,Sung Mat,0,2,15,12.2,1,-1,14,-4,1,0,0,0,1,0,0,0,0,100,1,0,100,0,0,0,0
2017,San Francisco FlameThrowers,Swink,-1,5,79.5,89.1,25.5,6,54,-32,39,1,0,0,38,0,0,0,0,100,21,2,91,0,1,6.2,0
2017,San Francisco FlameThrowers,Taylor,5,3,80,88.9,73,43,7,-2,82,6,0,10,75,12,0,0,0,84,75,0,100,1,0,0,0
2017,San Francisco FlameThrowers,Thompson,18,7,155.5,176.7,14.5,4,141,-52,42,11,0,4,31,6,1,0,0,77,39,0,100,10,3,4.2,0
2017,San Francisco FlameThrowers,Vitiello,9,8,125,138.8,27,10,98,-37,56,4,0,6,52,4,0,0,0,92,44,2,96,5,1,7.2,0
2017,San Francisco FlameThrowers,Walsh,3,5,83.5,120.6,9,4,74.5,-26,19,4,0,1,15,2,0,0,0,87,18,1,95,1,5,5.9,1
2017,San Francisco FlameThrowers,White,-1,3,62,76,28,12,34,-9,51,2,0,2,49,5,0,0,0,90,36,0,100,0,5,6,1
2017,San Francisco FlameThrowers,Williams,6,6,101,122.1,6.5,-3,94.5,-48,20,2,0,2,18,1,0,0,0,94,20,1,95,4,0,0,0
2017,San Francisco FlameThrowers,AVERAGE,13.8,5.6,119,,56.2,27.6,62.8,-21,80.9,8.4,0,8.4,72.2,6.1,0.1,0,0,92.2,65,1,97.1,4.3,8.5,,0.3
2017,San Francisco FlameThrowers,TOTAL,,,,,,,,,2911,301,0,301,2599,220,3,0,0,,2339,37,,156,307,,10
2017,San Jose Spiders,Alec S,12,5,95.5,121.1,46.5,29,49,-14,51,6,0,6,46,3,0,0,0,93,43,0,100,3,2,8.1,0
2017,San Jose Spiders,Andrew B,22,7,123,161.3,108,58,15,5,108,15,0,15,93,9,0,0,0,90,106,1,99,2,0,0,0
2017,San Jose Spiders,Andrew M,14,7,116.5,125.8,12.5,-8,104,-47,39,8,0,6,31,4,0,0,0,87,38,2,95,6,0,0,0
2017,San Jose Spiders,Andy S,3,3,38.5,42.6,7,1,31.5,-23,35,2,0,2,31,1,0,0,0,97,30,0,100,0,0,0,0
2017,San Jose Spiders,Anonymous,-2,0,0,0,0,0,0,0,27,0,0,0,29,2,0,0,0,93,24,0,100,0,39,0,2
2017,San Jose Spiders,Brando F,42,11,237.5,291.1,56.5,18,181,-90,118,16,0,7,100,2,0,0,0,98,109,2,98,23,57,6.9,4
2017,San Jose Spiders,Chris C,-3,4,62.5,71.9,2,-2,60.5,-43,15,0,0,1,15,3,0,0,0,80,15,1,94,0,0,0,0
2017,San Jose Spiders,Chuck C,21,9,221,283,203,116,18,4,484,5,0,31,480,16,0,0,0,97,367,3,99,4,0,0,0
2017,San Jose Spiders,David A,0,6,112,114.4,6,2,106,-59,56,2,0,2,52,4,0,0,0,92,48,0,100,0,0,0,0
2017,San Jose Spiders,Drew K,9,8,130.5,165.5,116.5,60,14,1,125,6,0,8,118,6,0,0,0,95,122,0,100,1,0,0,0
2017,San Jose Spiders,Ethan F,19,9,181,198.3,14,1,167,-93,119,2,0,10,113,8,0,0,0,93,100,0,100,15,0,0,0
2017,San Jose Spiders,Evan Bo,19,6,123.5,162.4,115.5,59,8,3,139,10,0,14,128,3,0,0,0,98,138,2,99,0,0,0,0
2017,San Jose Spiders,Evan Br,38,11,226,311.3,185,92,41,3,208,33,0,14,174,12,0,0,0,93,204,2,99,5,0,0,0
2017,San Jose Spiders,Ian M,5,9,137.5,150.8,13,5,124.5,-72,74,3,0,5,69,8,0,0,0,88,48,0,100,5,0,0,0
2017,San Jose Spiders,Ian S,-1,4,59,78.2,5,-1,54,-39,27,0,0,1,27,4,0,0,0,85,22,2,92,4,5,6.7,0
2017,San Jose Spiders,Jackso S,47,10,244.5,320.5,215.5,113,29,1,240,44,0,19,195,22,0,0,0,89,239,2,99,8,0,0,0
2017,San Jose Spiders,Jacob S,2,1,15,17.5,1,1,14,-4,7,1,0,1,6,1,0,0,0,83,7,0,100,1,0,0,0
2017,San Jose Spiders,Jake T,1,1,10,13.7,1,1,9,-5,4,1,0,0,3,1,0,0,0,67,4,0,100,1,0,0,0
2017,San Jose Spiders,James Y,2,9,133.5,139.7,33.5,21,100,-40,121,0,0,6,121,6,0,0,0,95,88,0,100,2,39,6.5,0
2017,San Jose Spiders,Jeremy K,5,6,80,79.7,3,-1,77,-43,33,3,0,2,30,2,0,0,0,93,31,0,100,2,23,7.2,4
2017,San Jose Spiders,Jon G,-1,2,31,40.1,1,-1,30,-14,29,0,0,1,29,2,0,0,0,93,20,0,100,0,0,0,0
2017,San Jose Spiders,Justin N,45,8,204.5,286.9,187,103,17.5,6,510,14,0,49,504,23,1,0,0,95,452,1,100,7,0,0,0
2017,San Jose Spiders,Kelly V,16,7,136,176.6,31.5,15,104.5,-37,91,10,0,8,78,6,0,0,0,92,88,2,98,6,4,5.6,1
2017,San Jose Spiders,Matt J,11,7,142,167.9,27,8,115,-48,101,8,0,6,90,5,0,0,0,94,81,1,99,3,74,7.4,4
2017,San Jose Spiders,Matthe C,35,11,233,280.2,78,38,155,-59,225,21,0,14,204,13,0,0,0,94,211,0,100,13,25,6.2,0
2017,San Jose Spiders,Mike D,6,7,93.5,98,8,1,85.5,-44,25,7,0,1,18,3,0,0,0,83,25,2,93,3,0,0,0
2017,San Jose Spiders,Nichol A,1,5,85,95.2,13,-1,72,-47,53,1,0,3,53,6,0,0,0,89,33,0,100,3,0,0,0
2017,San Jose Spiders,Nick M,1,2,25,28.4,16,5,9,-8,10,0,0,1,10,0,0,0,0,100,10,0,100,0,0,0,0
2017,San Jose Spiders,Sam A,7,6,83,88.3,18,10,65,-45,28,5,0,3,21,0,0,0,0,100,27,2,93,1,0,0,0
2017,San Jose Spiders,Sergio P,2,3,49,50.1,4,2,45,-29,29,0,0,1,29,2,0,0,0,93,23,0,100,3,16,6.9,3
2017,San Jose Spiders,Shane E,43,8,180,251.1,161,82,19,7,112,35,0,9,76,3,0,0,0,96,110,0,100,2,0,0,0
2017,San Jose Spiders,Sonny Z,10,9,206.5,298.4,152,74,54.5,-17,335,7,0,15,326,13,2,0,0,95,283,1,100,4,0,0,0
2017,San Jose Spiders,Steven C,22,8,213,287.4,196,99,17,4,351,14,0,19,337,11,0,1,1,96,247,2,99,3,0,0,0
2017,San Jose Spiders,Tommy A,12,9,127,137.4,5,-1,122,-45,47,5,0,4,42,3,0,0,0,93,44,2,96,8,0,0,0
2017,San Jose Spiders,AVERAGE,13.7,6.4,122.2,,60.1,29.4,62.2,-27.4,116.9,8.4,0,8.4,108.2,6.1,0.1,0,0,91.7,101.1,0.9,98.6,4.1,8.4,,0.5
2017,San Jose Spiders,TOTAL,,,,,,,,,3976,284,0,284,3678,207,3,1,1,,3437,30,,138,284,,18
2017,Seattle Cascades,Adam S,10,8,148.5,176,132,66,16.5,-1,269,7,0,18,261,16,0,0,0,94,194,0,100,1,0,0,0
2017,Seattle Cascades,Aldous R,14,8,137.5,234.4,63,16,74.5,-23,66,14,0,4,52,2,0,0,0,96,66,2,97,0,0,0,0
2017,Seattle Cascades,Alex D,1,10,187,221.7,72,30,115,-46,131,6,0,4,125,10,0,0,0,92,110,1,99,2,0,0,0
2017,Seattle Cascades,Andrew L,12,8,100,152.4,8.5,1,91.5,-31,30,2,0,4,28,0,0,0,0,100,23,0,100,6,23,6,0
2017,Seattle Cascades,Anonymous,2,0,0,0,0,0,0,0,26,5,0,2,33,3,0,0,0,91,20,3,87,1,37,3.5,0
2017,Seattle Cascades,Ben B,9,9,128.5,181.5,8.5,3,120,-47,42,6,0,2,35,2,0,0,0,94,41,1,98,4,0,0,0
2017,Seattle Cascades,Ben S,2,2,24.5,28,10.5,7,14,2,28,1,0,3,27,2,0,0,0,93,26,1,96,1,3,7.3,0
2017,Seattle Cascades,Brad H,51,10,253,341.7,213,109,40,-1,198,38,0,21,160,8,0,0,0,95,193,3,98,3,0,0,0
2017,Seattle Cascades,Bryson S,15,8,174,250.2,146,74,28,-3,118,19,0,7,99,11,0,0,0,89,114,4,97,4,1,2.6,0
2017,Seattle Cascades,Cam B,2,1,19,24.9,0,0,19,3,12,2,0,0,9,1,0,0,0,89,10,0,100,1,1,4.3,0
2017,Seattle Cascades,Cam S,7,8,189.5,271.5,88,45,101.5,-43,135,13,0,5,120,13,0,0,0,89,130,3,98,5,30,5.7,0
2017,Seattle Cascades,Daniel M,4,5,52.5,59.5,3,1,49.5,-29,12,3,0,0,8,0,0,0,0,100,12,0,100,1,0,0,0
2017,Seattle Cascades,Donnie C,16,4,79.5,93.3,60.5,38,19,2,54,13,0,7,40,3,1,0,0,90,53,1,98,1,0,0,0
2017,Seattle Cascades,Evan K,15,5,113,123.4,21,3,92,-38,59,5,1,12,53,4,0,0,0,92,53,1,98,3,2,5.9,0
2017,Seattle Cascades,Henry P,0,7,171.5,252.4,69.5,22,102,-29,215,3,0,11,213,16,1,0,0,92,168,2,99,5,1,5.5,0
2017,Seattle Cascades,Jesse B,0,3,46.5,49.5,24,6,22.5,2,35,0,0,2,35,4,0,0,0,89,25,0,100,2,6,4.5,0
2017,Seattle Cascades,John D,18,9,151.5,211.8,10,3,141.5,-41,51,9,0,3,40,6,0,0,0,85,45,0,100,12,52,7.3,2
2017,Seattle Cascades,John R,25,10,211.5,257.6,152,82,59.5,-7,298,16,0,15,281,12,0,0,0,96,220,0,100,6,0,0,0
2017,Seattle Cascades,Johnny,1,1,24,25.4,4,4,20,-7,4,0,0,1,4,1,0,0,0,75,4,0,100,1,0,0,0
2017,Seattle Cascades,Khalif E,42,8,238.5,313.6,105.5,46,133,-31,181,24,0,21,156,7,0,0,0,96,157,2,99,6,66,6,2
2017,Seattle Cascades,Mario O,6,3,68.5,83.3,64,42,4.5,0,133,1,0,7,134,3,0,0,0,98,107,0,100,1,0,0,0
2017,Seattle Cascades,Mark B,68,9,229,300.3,203.5,104,25.5,2,279,22,0,63,260,18,0,0,0,93,249,2,99,3,0,0,0
2017,Seattle Cascades,Matt R,8,2,41.5,57.2,8,0,33.5,-4,47,3,0,3,43,2,0,0,0,95,39,0,100,4,0,0,0
2017,Seattle Cascades,Mikey,2,1,21,21.4,0,0,21,-7,7,1,0,1,6,0,0,0,0,100,4,1,80,1,0,0,0
2017,Seattle Cascades,Mitch K,-1,5,76.5,103.9,35,14,41.5,-17,61,2,0,1,58,5,0,0,0,91,51,1,98,2,0,0,0
2017,Seattle Cascades,Reed H,11,6,79.5,145.1,26,13,53.5,-13,34,9,0,0,24,4,0,0,0,83,28,1,97,7,0,0,0
2017,Seattle Cascades,Robbie F,3,3,53,123.5,8,0,45,-3,33,2,0,5,31,4,0,0,0,87,25,0,100,0,0,0,0
2017,Seattle Cascades,Sam H,6,3,43.5,50,13,8,30.5,-19,28,3,0,1,23,0,0,0,0,100,21,0,100,2,0,0,0
2017,Seattle Cascades,Sam P,4,8,123,130,11.5,1,111.5,-52,87,3,0,9,81,10,0,0,0,88,70,1,99,3,1,4.1,0
2017,Seattle Cascades,Tian,0,1,15,15.5,0,0,15,-9,2,0,0,0,2,0,0,0,0,100,0,0,0,0,0,0,0
2017,Seattle Cascades,Tian Y,5,1,17.5,28.8,0,0,17.5,6,19,5,0,1,14,1,0,0,0,93,17,0,100,0,0,0,0
2017,Seattle Cascades,Tommy L,13,8,186,249.9,89,25,97,-36,163,12,0,10,152,14,1,0,0,90,123,1,99,7,2,6.2,0
2017,Seattle Cascades,Will C,3,2,38.5,42.4,36,28,2.5,1,60,2,0,0,59,3,0,0,0,95,47,1,98,5,0,0,0
2017,Seattle Cascades,Will H,5,3,50.5,64.8,1,1,49.5,-6,21,1,0,4,19,1,0,0,0,95,18,0,100,1,38,7,2
2017,Seattle Cascades,Xtehn T,5,5,67,67.8,11.5,9,55.5,-28,38,2,0,5,34,3,0,0,0,91,30,0,100,1,0,0,0
2017,Seattle Cascades,Zach J,4,4,39.5,40.2,10,1,29.5,-18,8,2,0,2,5,1,0,0,0,80,8,0,100,1,0,0,0
2017,Seattle Cascades,Zach S,2,2,35,42.5,3,3,32,-7,20,1,0,1,19,2,0,0,0,89,15,0,100,2,0,0,0
2017,Seattle Cascades,Zhi C,1,1,14,13.7,0,0,14,4,10,0,0,1,10,0,0,0,0,100,10,0,100,0,0,0,0
2017,Seattle Cascades,AVERAGE,10.3,5,96,,45,21.2,51,-15.1,79.3,6.8,0,6.7,72.4,5.1,0.1,0,0,92.2,66.5,0.8,95.6,2.8,6.9,,0.2
2017,Seattle Cascades,TOTAL,,,,,,,,,3014,257,1,256,2753,192,3,0,0,,2526,32,,105,263,,6
2017,Toronto Rush,Anonymous,1,0,0,0,0,0,0,0,1,1,0,1,10,1,0,0,0,90,1,1,50,1,3,1.8,0
2017,Toronto Rush,Armitage,20,6,121,120.2,83,37,38,-22,72,14,0,7,58,3,0,0,0,95,71,1,99,3,2,5.5,0
2017,Toronto Rush,Armstron,16,10,214,262.3,188,85,26,9,306,15,0,8,290,11,1,0,0,96,174,1,99,6,0,0,0
2017,Toronto Rush,Boychuk,18,6,123,130.4,42,20,81,-16,64,12,0,10,52,2,0,0,0,96,64,2,97,0,0,0,0
2017,Toronto Rush,Burelle,16,7,122,133.5,76.5,41,45.5,-7,74,9,0,15,63,8,0,0,0,87,71,1,99,1,0,0,0
2017,Toronto Rush,Carroll,42,8,185,233.7,150,74,35,6,193,32,0,19,161,11,2,0,0,92,187,5,97,9,0,0,1
2017,Toronto Rush,Chua,2,1,13,13.6,0,0,13,-4,3,2,0,0,1,0,0,0,0,100,3,0,100,0,0,0,0
2017,Toronto Rush,Edwards,4,3,40,96.3,7,-4,33,-16,16,2,0,2,14,1,0,0,0,93,15,1,94,2,0,0,0
2017,Toronto Rush,Ellis,-5,5,69.5,82.5,17.5,4,52,-20,53,3,0,0,49,4,0,0,0,92,41,4,91,0,0,0,0
2017,Toronto Rush,Harris,44,11,263,336.6,214,93,49,11,299,32,0,34,267,27,0,0,0,90,262,4,98,9,12,6.7,0
2017,Toronto Rush,Harrison,3,6,75.5,64.2,8,2,67.5,-21,51,2,0,0,47,4,0,0,0,91,29,0,100,5,39,6,2
2017,Toronto Rush,Hau,11,10,174.5,258.4,25,9,149.5,-43,78,5,0,7,70,7,0,0,0,90,73,0,100,6,7,6.8,0
2017,Toronto Rush,Huynh,2,7,118,131.6,25,-2,93,-42,78,8,0,1,69,5,0,0,0,93,64,3,96,1,0,0,0
2017,Toronto Rush,Iain M,25,10,172,264,17,-1,155,-55,75,6,0,9,68,3,0,0,0,96,65,2,97,15,11,6.2,0
2017,Toronto Rush,Isaiah,27,9,220,278.2,178,84,42,2,227,15,0,30,212,16,0,0,0,92,209,7,97,5,5,4.5,1
2017,Toronto Rush,Jones,6,7,117,133.6,19.5,-2,97.5,-37,80,1,0,5,79,2,0,0,0,97,60,2,97,4,5,6.1,0
2017,Toronto Rush,Kirk,5,1,20,24.6,8,8,12,-3,14,3,0,2,11,0,0,0,0,100,14,0,100,0,0,0,0
2017,Toronto Rush,Linq,34,11,224,259.1,169,81,55,-2,205,19,0,24,184,12,0,0,0,93,188,0,100,3,2,8.7,0
2017,Toronto Rush,Lloyd,20,3,78,64.3,12,4,66,-15,56,7,0,7,49,0,0,0,0,100,46,0,100,6,12,6.1,2
2017,Toronto Rush,Martin,39,9,183,192,42,13,141,-36,92,16,0,19,76,8,0,0,0,89,89,0,100,12,36,6.2,2
2017,Toronto Rush,McKnight,9,11,252,301.4,222,105,30,11,453,7,0,16,447,14,0,0,0,97,381,2,99,2,5,6.5,1
2017,Toronto Rush,Meron,0,11,181.5,247.1,36,10,145.5,-52,196,8,0,11,187,23,0,0,0,88,108,1,99,5,138,6,14
2017,Toronto Rush,Mike M,23,9,153.5,179.6,31.5,8,122,-41,63,14,0,5,48,7,1,0,0,83,58,1,98,13,0,0,0
2017,Toronto Rush,Norden,3,3,58,82.1,11,8,47,-14,65,0,0,10,64,7,1,0,0,88,41,0,100,1,4,4.3,0
2017,Toronto Rush,Ojo,9,6,59.5,92,8,-2,51.5,-1,20,5,0,4,14,2,0,0,0,86,19,0,100,2,0,0,0
2017,Toronto Rush,Powell,5,3,58.5,101.2,10,2,48.5,-13,30,1,0,4,28,1,0,0,0,96,29,0,100,1,0,0,0
2017,Toronto Rush,Raina,0,1,1,0.1,0,0,1,1,0,0,0,0,0,0,0,0,0,0,0,0,0,0,0,0,0
2017,Toronto Rush,Tan,18,10,189.5,220.3,42,9,147.5,-52,73,8,0,2,64,5,0,0,0,92,67,2,97,15,0,0,0
2017,Toronto Rush,Tatulea,2,7,93,158.8,25,2,68,-21,57,4,0,2,52,7,0,0,0,87,47,1,98,4,0,0,0
2017,Toronto Rush,Woo,13,6,67,57.6,41,20,26,-8,27,11,0,2,16,0,0,0,0,100,26,1,96,1,0,0,0
2017,Toronto Rush,Wu,10,2,38,31.7,35,25,3,3,30,6,0,4,24,1,0,0,0,96,30,0,100,1,0,0,0
2017,Toronto Rush,Yearwood,16,9,172,220.9,138,64,34,3,198,10,0,19,188,12,0,0,0,94,169,3,98,2,0,0,0
2017,Toronto Rush,Yu,0,2,25,17.2,0,0,25,-15,1,0,0,0,1,0,0,0,0,100,1,0,100,0,0,0,0
2017,Toronto Rush,Zlatic,22,10,159,233.6,16,1,143,-43,60,7,0,6,53,3,0,0,0,94,57,0,100,12,1,1,0
2017,Toronto Rush,AVERAGE,13.5,6.5,118.8,,55.8,23.5,63,-16.3,97.4,8.4,0,8.4,88.7,6.1,0.1,0,0,90.4,81.1,1.3,94,4.3,8.3,,0.7
2017,Toronto Rush,TOTAL,,,,,,,,,3310,285,0,285,3016,207,5,0,0,,2759,45,,147,282,,23
2017,Vancouver Riptide,Alistair,-2,12,191.5,227.6,109.5,13,82,-48,109,2,0,3,106,8,0,0,0,92,95,2,98,3,0,0,0
2017,Vancouver Riptide,Anonymous,1,0,0,0,0,0,0,0,2,0,0,0,11,0,0,0,0,100,2,0,100,1,1,1.8,0
2017,Vancouver Riptide,Ari,3,11,183.5,254.2,94.5,9,89,-47,149,3,0,6,146,7,0,0,0,95,86,3,97,4,0,0,0
2017,Vancouver Riptide,Brayden,10,12,201,289.2,84.5,9,116.5,-63,92,14,0,5,78,9,0,0,0,88,91,3,97,3,1,3.7,0
2017,Vancouver Riptide,Brendo,30,7,140.5,193.3,95,31,45.5,-17,115,19,0,15,96,7,0,0,0,93,112,2,98,5,0,0,0
2017,Vancouver Riptide,Brett,0,1,16,16.7,15,-3,1,-1,13,0,0,2,13,2,0,0,0,85,12,1,92,1,0,0,0
2017,Vancouver Riptide,Church,14,8,145,219.7,92,18,53,-29,81,20,0,2,60,6,1,0,0,88,81,12,87,11,0,0,0
2017,Vancouver Riptide,Darren,0,1,12,18.6,7,1,5,0,7,0,0,0,7,1,0,0,0,86,7,0,100,1,0,0,0
2017,Vancouver Riptide,Davis,15,10,203,260.3,94,19,109,-58,71,11,0,0,60,9,0,0,0,85,63,1,98,14,0,0,0
2017,Vancouver Riptide,Fred,10,10,218,310.4,102,8,116,-63,138,10,0,7,124,17,0,0,0,86,122,5,96,15,65,5.9,6
2017,Vancouver Riptide,Gagey,4,3,55.5,81.2,34.5,11,21,-14,56,3,0,5,53,5,0,0,0,91,51,1,98,2,3,6.4,0
2017,Vancouver Riptide,Guo,12,10,139.5,193.7,95.5,21,44,-27,97,12,0,7,85,8,0,0,0,91,95,1,99,2,0,0,0
2017,Vancouver Riptide,Joel,-11,9,158,192.5,92,14,66,-41,222,2,0,8,219,23,1,0,0,89,171,1,99,4,6,5.5,2
2017,Vancouver Riptide,Jordan D,13,6,66.5,73.7,43.5,14,23,-8,47,13,0,3,34,4,0,0,0,88,45,2,96,3,0,0,0
2017,Vancouver Riptide,KChan,7,8,98,121,49,18,49,-17,23,7,0,1,16,2,0,0,0,88,22,1,96,2,0,0,0
2017,Vancouver Riptide,KGreer,16,10,187,275.9,102,11,85,-39,103,14,0,11,89,11,0,0,0,88,99,2,98,4,0,0,0
2017,Vancouver Riptide,KLore,4,10,158,227.3,120.5,30,37.5,-18,201,1,0,15,198,12,0,0,0,94,120,3,98,3,1,5.6,0
2017,Vancouver Riptide,Levi,2,6,75.5,99,36.5,3,39,-22,22,4,0,0,18,0,0,0,0,100,22,3,88,1,0,0,0
2017,Vancouver Riptide,Moore,3,9,139.5,186.8,76,5,63.5,-38,65,9,0,3,56,10,0,0,0,82,61,5,92,6,7,7.2,0
2017,Vancouver Riptide,Morgan,24,9,216.5,303.9,101.5,27,115,-61,165,13,0,12,151,14,0,0,0,91,157,1,99,14,54,6.6,6
2017,Vancouver Riptide,Nima,4,5,67,90.6,33,8,34,-26,21,3,0,1,18,2,0,0,0,89,18,0,100,2,0,0,0
2017,Vancouver Riptide,Peter G,18,8,124.5,156.6,67.5,23,57,-24,49,12,0,5,37,3,0,0,0,92,48,2,96,6,1,5.4,0
2017,Vancouver Riptide,Petey,26,9,201,283.3,107,14,94,-52,263,6,0,29,257,17,0,0,0,93,207,1,100,9,0,0,0
2017,Vancouver Riptide,Rumi,3,3,48,85.9,31,3,17,-10,44,3,0,2,41,5,0,0,0,88,35,1,97,4,7,6.9,0
2017,Vancouver Riptide,Sam,3,3,43,53,22,10,21,-12,45,0,0,3,45,1,0,0,0,98,31,0,100,1,2,6.7,0
2017,Vancouver Riptide,Samson,5,7,98.5,125.5,69,21,29.5,-26,118,4,0,5,114,7,0,0,0,94,85,0,100,3,0,0,0
2017,Vancouver Riptide,Ted Chu,4,7,116,138.3,63,5,53,-36,55,8,0,3,47,5,0,0,0,89,54,5,92,3,0,0,0
2017,Vancouver Riptide,Tim,21,6,143,217.6,83,31,60,-32,191,10,0,26,179,23,0,0,0,87,157,1,99,9,42,6.2,2
2017,Vancouver Riptide,Toly,6,5,120.5,175.6,68.5,14,52,-22,179,2,0,11,178,9,0,0,0,95,124,2,98,4,2,6.1,0
2017,Vancouver Riptide,Trevor,4,10,199,258.2,109.5,18,89.5,-42,283,5,0,17,277,25,0,0,0,91,204,1,100,8,6,5.9,0
2017,Vancouver Riptide,Ty B,28,12,206,266.4,141,39,65,-30,118,30,0,8,89,11,0,0,0,88,113,10,92,11,6,6.4,0
2017,Vancouver Riptide,Will Vu,4,11,223,310.8,117.5,23,105.5,-45,330,5,0,31,326,39,0,0,0,88,262,2,99,9,45,5.9,6
2017,Vancouver Riptide,Yi-Min,6,13,196.5,246,101.5,15,95,-61,88,6,0,5,81,7,0,0,0,91,70,2,97,4,2,6.4,0
2017,Vancouver Riptide,AVERAGE,8.7,7.6,133,,74.5,14.6,58.6,-31.2,107.9,7.6,0,7.6,100.3,9.4,0.1,0,0,90.4,88.5,2.3,96.8,5.2,7.6,,0.7
2017,Vancouver Riptide,TOTAL,,,,,,,,,3562,251,0,251,3309,309,2,0,0,,2922,76,,172,251,,22
